event_id,dataset_index,particle_valid,particle_truth,particle_pred,particle_correct,particle_confidence,p_muon,p_electron,p_photon,p_proton,stop_truth,stop_pred,stop_probability,stop_threshold,stop_case,hit_channels,trigger_bars,total_edep_MeV,max_channel_edep_MeV,hodoscopes_hit,time_span_ns,spatial_span_mm,hodo0_edep_MeV,hodo1_edep_MeV,hodo2_edep_MeV
195809,10638,1,photon,electron,0,0.5104919672012329,0.3274354040622711,0.5104919672012329,0.16207055747509003,2.077132876365795e-06,1,0,0.18045245110988617,0.7809543609619141,FN,12,8,37.34461212158203,8.558992385864258,2,3.0924758911132812,731.3175659179688,18.141958236694336,19.202653884887695,0.0
167252,9112,1,photon,muon,0,0.5763026475906372,0.5763026475906372,0.02689460478723049,0.3946745693683624,0.0021281938534229994,1,0,0.7383160591125488,0.7809543609619141,FN,5,4,37.35068893432617,21.00608253479004,1,0.23550987243652344,89.59691619873047,0.0,37.35068893432617,0.0
584555,31499,1,photon,muon,0,0.7326043844223022,0.7326043844223022,0.20477059483528137,0.015872294083237648,0.046752747148275375,0,0,0.18585380911827087,0.7809543609619141,TN,5,4,31.034725189208984,18.24551010131836,1,0.5270614624023438,157.57406616210938,0.0,0.0,31.034725189208984
171659,9340,1,electron,photon,0,0.6297546625137329,0.1557774841785431,0.20938217639923096,0.6297546625137329,0.0050857458263635635,0,1,0.801829993724823,0.7809543609619141,FP,6,4,36.770538330078125,19.747304916381836,1,0.9792261123657227,143.4534912109375,0.0,36.770538330078125,0.0
242610,13120,1,electron,muon,0,0.7564572691917419,0.7564572691917419,0.2347511202096939,0.003559513483196497,0.005232075694948435,0,0,0.4440138339996338,0.7809543609619141,TN,4,4,20.508312225341797,8.065707206726074,1,0.2765674591064453,89.11133575439453,0.0,0.0,20.508312225341797
880942,47467,1,muon,photon,0,0.8630315661430359,0.020647643133997917,0.11189966648817062,0.8630315661430359,0.004421140532940626,0,0,0.001409409218467772,0.7809543609619141,TN,6,6,23.775367736816406,6.3227949142456055,2,1.6085128784179688,443.08367919921875,16.69070053100586,7.0846662521362305,0.0
171112,9300,1,electron,photon,0,0.5937759280204773,0.29038205742836,0.11163686960935593,0.5937759280204773,0.004205194767564535,0,0,0.7797272801399231,0.7809543609619141,TN,6,4,60.98674011230469,34.661590576171875,1,1.5356435775756836,248.22093200683594,0.0,60.98674011230469,0.0
500034,26931,1,electron,muon,0,0.8861968517303467,0.8861968517303467,0.08890596777200699,0.004329795483499765,0.020567424595355988,0,0,0.07908520847558975,0.7809543609619141,TN,4,4,24.584136962890625,8.814860343933105,1,0.2997627258300781,61.36156463623047,0.0,0.0,24.584136962890625
770840,41517,1,muon,photon,0,0.7941232919692993,0.20075757801532745,0.0050432984717190266,0.7941232919692993,7.580966484965757e-05,0,0,0.0003536890435498208,0.7809543609619141,TN,6,5,26.076772689819336,10.274261474609375,2,2.6041259765625,796.5484619140625,0.0,20.728113174438477,5.348660469055176
751216,40521,1,muon,electron,0,0.5796369910240173,0.37666621804237366,0.5796369910240173,0.04250789433717728,0.0011888857698068023,0,0,0.7376883029937744,0.7809543609619141,TN,5,4,26.20085334777832,12.457996368408203,1,0.1862640380859375,59.668235778808594,0.0,0.0,26.200851440429688
243970,13197,1,muon,photon,0,0.7493436336517334,0.0046803769655525684,0.2459685057401657,0.7493436336517334,7.518772235926008e-06,0,0,0.14897994697093964,0.7809543609619141,TN,11,7,39.984230041503906,16.96688461303711,2,2.2901535034179688,731.3742065429688,22.9987735748291,16.985458374023438,0.0
190728,10376,1,muon,electron,0,0.6163439750671387,0.35752585530281067,0.6163439750671387,0.01772461272776127,0.00840546004474163,0,0,0.003919990733265877,0.7809543609619141,TN,7,5,28.650917053222656,10.385653495788574,2,2.0104446411132812,713.6614990234375,25.558822631835938,3.092095136642456,0.0
24794,1364,1,electron,photon,0,0.7232365608215332,0.06646550446748734,0.2070549875497818,0.7232365608215332,0.0032429704442620277,1,1,0.986517071723938,0.7809543609619141,TP,5,4,22.720550537109375,6.663409233093262,2,2.122225046157837,599.4200439453125,0.149789959192276,22.570762634277344,0.0
391406,21092,1,muon,electron,0,0.5548462867736816,0.44377952814102173,0.5548462867736816,0.001368731609545648,5.46692035641172e-06,0,0,0.28006958961486816,0.7809543609619141,TN,11,9,43.350364685058594,8.759778022766113,2,2.5096092224121094,743.0897827148438,0.0,20.566328048706055,22.78403091430664
945706,51001,1,electron,muon,0,0.8026746511459351,0.8026746511459351,0.18388637900352478,0.0026780134066939354,0.010760976932942867,1,0,0.3849869668483734,0.7809543609619141,FN,7,6,25.209436416625977,7.305014610290527,2,2.7191848754882812,723.2825317382812,0.0,7.828219413757324,17.381216049194336
641691,34656,1,electron,muon,0,0.684443473815918,0.684443473815918,0.2483142614364624,0.028159910812973976,0.039082299917936325,0,0,0.5351727604866028,0.7809543609619141,TN,4,4,20.72350311279297,6.967716693878174,1,0.244171142578125,78.7948989868164,0.0,0.0,20.72350311279297
40799,2243,1,photon,muon,0,0.5454368591308594,0.5454368591308594,0.10832900553941727,0.27041077613830566,0.0758233442902565,1,0,0.6477526426315308,0.7809543609619141,FN,5,4,28.203899383544922,10.381153106689453,1,1.8299684524536133,294.2794189453125,28.203899383544922,0.0,0.0
675485,36549,1,electron,muon,0,0.9687861800193787,0.9687861800193787,0.02491075173020363,0.0011322234058752656,0.005170884076505899,0,0,0.00013225444126874208,0.7809543609619141,TN,8,6,35.77741622924805,9.007951736450195,2,1.668975830078125,494.9787902832031,18.83332633972168,16.944087982177734,0.0
17236,955,1,electron,muon,0,0.8504467606544495,0.8504467606544495,0.13058921694755554,0.015414617024362087,0.003549411194398999,0,0,0.010542995296418667,0.7809543609619141,TN,4,4,16.651582717895508,7.586164474487305,1,0.192602276802063,69.34210968017578,16.651582717895508,0.0,0.0
940540,50712,1,muon,electron,0,0.5759819149971008,0.42241451144218445,0.5759819149971008,0.0007036993047222495,0.0008998879930004478,0,0,0.689018189907074,0.7809543609619141,TN,5,4,25.006160736083984,12.364964485168457,1,1.6182174682617188,290.35687255859375,0.0,0.0,25.006160736083984
683540,36988,1,electron,muon,0,0.5732758045196533,0.5732758045196533,0.3872531056404114,0.03859158977866173,0.0008794864406809211,0,0,0.0024434193037450314,0.7809543609619141,TN,10,8,34.87830352783203,7.566056728363037,2,2.5882492065429688,775.5534057617188,0.0,22.451709747314453,12.426593780517578
229891,12446,1,electron,muon,0,0.7093620896339417,0.7093620896339417,0.2407909333705902,0.013107276521623135,0.03673968464136124,0,0,0.10924304276704788,0.7809543609619141,TN,4,4,17.91144561767578,8.806500434875488,1,0.15660667419433594,89.34175872802734,0.0,0.0,17.91144561767578
871481,47001,1,electron,muon,0,0.7113696336746216,0.7113696336746216,0.197890505194664,0.04941364750266075,0.04132625833153725,1,0,0.2421131283044815,0.7809543609619141,FN,4,4,19.666488647460938,7.807260513305664,1,0.21857452392578125,67.87195587158203,0.0,0.0,19.666488647460938
703796,38061,1,muon,proton,0,0.7658923268318176,0.18346816301345825,0.04835367575287819,0.002285874681547284,0.7658923268318176,0,0,0.20966555178165436,0.7809543609619141,TN,4,4,57.45418930053711,24.409263610839844,1,0.22718048095703125,71.40752410888672,0.0,0.0,57.45418930053711
981223,52927,1,muon,electron,0,0.552688479423523,0.4279244840145111,0.552688479423523,0.013058208860456944,0.0063288528472185135,0,0,0.3431466519832611,0.7809543609619141,TN,5,4,17.95399284362793,6.191447734832764,1,1.1427764892578125,151.1027069091797,0.0,0.0,17.95399284362793
663537,35907,1,electron,muon,0,0.7631506323814392,0.7631506323814392,0.23303274810314178,0.0007084741373546422,0.0031080825719982386,0,0,0.09035065770149231,0.7809543609619141,TN,5,4,25.79548454284668,11.760376930236816,2,3.583576202392578,898.123779296875,0.0,0.4869707226753235,25.308513641357422
892775,48069,1,electron,photon,0,0.9833231568336487,0.0001271180371986702,0.01652720756828785,0.9833231568336487,2.2554289898835123e-05,1,0,0.6413362622261047,0.7809543609619141,FN,6,5,13.528475761413574,5.927663803100586,3,3.7512969970703125,1113.6346435546875,0.5502479076385498,1.322862982749939,11.655364990234375
290157,15676,1,electron,muon,0,0.6093472242355347,0.6093472242355347,0.3523763418197632,0.03637884557247162,0.001897613168694079,0,0,0.501813530921936,0.7809543609619141,TN,4,4,14.882832527160645,4.353219032287598,1,0.22544479370117188,76.13782501220703,0.0,0.0,14.882832527160645
680125,36787,1,muon,electron,0,0.4691751003265381,0.45119866728782654,0.4691751003265381,0.05690624564886093,0.022719962522387505,0,0,0.1035163402557373,0.7809543609619141,TN,4,4,16.314985275268555,7.276330471038818,1,0.18989181518554688,91.2254867553711,0.0,0.0,16.314985275268555
66549,3686,1,muon,electron,0,0.42812177538871765,0.22357366979122162,0.42812177538871765,0.34824249148368835,6.206340913195163e-05,0,0,0.6329952478408813,0.7809543609619141,TN,5,4,18.542850494384766,8.748291969299316,2,1.9715971946716309,436.92120361328125,0.23093204200267792,18.311918258666992,0.0
786781,42350,1,electron,muon,0,0.5173231959342957,0.5173231959342957,0.3511319160461426,0.019857538864016533,0.1116873249411583,0,0,0.3296765685081482,0.7809543609619141,TN,4,4,20.046672821044922,10.545663833618164,1,0.2703094482421875,105.08248138427734,0.0,0.0,20.046674728393555
395972,21366,1,muon,proton,0,0.37284180521965027,0.3543928563594818,0.028719868510961533,0.24404552578926086,0.37284180521965027,0,0,0.7487269639968872,0.7809543609619141,TN,4,4,108.04208374023438,48.02076721191406,1,0.24208450317382812,75.37393951416016,0.0,108.04208374023438,0.0
487222,26283,1,electron,muon,0,0.687044620513916,0.687044620513916,0.28573140501976013,0.02659970335662365,0.0006243277457542717,0,0,0.006950160022825003,0.7809543609619141,TN,15,10,99.36637878417969,30.395479202270508,2,3.7791366577148438,948.1639404296875,0.0,75.8478775024414,23.518505096435547
605950,32710,1,electron,muon,0,0.36170727014541626,0.36170727014541626,0.12529493868350983,0.15153998136520386,0.361457884311676,0,0,0.25856560468673706,0.7809543609619141,TN,5,4,50.141292572021484,25.707399368286133,1,0.57501220703125,176.76654052734375,0.0,0.0,50.14129638671875
97760,5327,1,electron,photon,0,0.7035819292068481,0.23171743750572205,0.037988319993019104,0.7035819292068481,0.02671230398118496,0,0,0.652254581451416,0.7809543609619141,TN,8,6,102.17611694335938,23.693552017211914,3,3.942108154296875,1131.057861328125,0.0014185578329488635,83.58782958984375,18.58686065673828
311807,16833,1,electron,photon,0,0.36971503496170044,0.3508370816707611,0.27913957834243774,0.36971503496170044,0.00030821943073533475,0,1,0.8577702641487122,0.7809543609619141,FP,9,6,36.7957763671875,9.727362632751465,2,2.243427276611328,671.1939086914062,17.773649215698242,19.022127151489258,0.0
656722,35512,1,muon,photon,0,0.6920043230056763,0.30673328042030334,0.0012517052236944437,0.6920043230056763,1.0666715752449818e-05,1,0,0.14370840787887573,0.7809543609619141,FN,8,6,56.86534118652344,20.73905372619629,1,1323.2535400390625,576.466796875,0.0,56.86534118652344,0.0
112458,6081,1,electron,muon,0,0.8052640557289124,0.8052640557289124,0.09491132199764252,0.08120147138834,0.018623199313879013,0,0,0.258761465549469,0.7809543609619141,TN,4,4,20.374229431152344,6.288574695587158,1,0.2774019241333008,96.72088623046875,20.374229431152344,0.0,0.0
555704,29905,1,photon,electron,0,0.5789821147918701,0.007728645112365484,0.5789821147918701,0.41315528750419617,0.0001338861620752141,1,0,0.659522294998169,0.7809543609619141,FN,12,5,14.774749755859375,5.909188270568848,3,2.8714523315429688,1192.762939453125,0.0358765609562397,14.323469161987305,0.4154040515422821
25893,1431,1,photon,muon,0,0.4870327413082123,0.4870327413082123,0.4235094487667084,0.07281612604856491,0.01664174161851406,0,0,0.33644765615463257,0.7809543609619141,TN,4,4,14.712759971618652,4.179655075073242,1,0.20291757583618164,84.048095703125,0.0,14.712759971618652,0.0
550732,29627,1,photon,muon,0,0.5976088643074036,0.5976088643074036,0.3505476713180542,0.03171999752521515,0.020123448222875595,0,0,0.5899828672409058,0.7809543609619141,TN,6,4,23.47299575805664,11.24011516571045,3,5.390594482421875,1129.582275390625,0.07108292728662491,0.009154165163636208,23.392757415771484
871891,47016,1,muon,electron,0,0.5483763217926025,0.38660722970962524,0.5483763217926025,0.06493566930294037,8.077607344603166e-05,0,0,0.19066813588142395,0.7809543609619141,TN,16,10,51.47216033935547,7.621902942657471,3,5.017486572265625,1146.1680908203125,19.575393676757812,15.826778411865234,16.06998634338379
299560,16192,1,muon,electron,0,0.628829836845398,0.19691242277622223,0.628829836845398,0.17270730435848236,0.0015504612820222974,0,0,0.7513975501060486,0.7809543609619141,TN,5,4,17.002544403076172,8.389450073242188,2,2.367025375366211,676.4456787109375,0.0,0.05171823129057884,16.95082664489746
998216,53842,1,muon,electron,0,0.9878411889076233,0.008077015168964863,0.9878411889076233,0.0038224118761718273,0.0002594174293335527,0,1,0.9624543786048889,0.7809543609619141,FP,16,8,41.71282958984375,10.565470695495605,3,4.068359375,1282.630615234375,0.12066321074962616,21.712656021118164,19.87950897216797
156635,8534,1,electron,muon,0,0.5523312091827393,0.5523312091827393,0.3727962076663971,0.06052519381046295,0.014347362332046032,0,0,0.2631707489490509,0.7809543609619141,TN,5,4,23.8913516998291,12.539410591125488,1,0.7101650238037109,159.97718811035156,0.0,0.0,23.891353607177734
778894,41935,1,muon,electron,0,0.8905613422393799,0.1027098149061203,0.8905613422393799,0.006725759245455265,3.0274300115706865e-06,0,0,0.02511625364422798,0.7809543609619141,TN,12,7,29.425182342529297,8.74828052520752,2,5.3251953125,1037.2784423828125,0.0,11.105310440063477,18.31987190246582
901271,48514,1,muon,proton,0,0.5292925834655762,0.3173576891422272,0.1107318177819252,0.04261791706085205,0.5292925834655762,0,0,0.0008797390619292855,0.7809543609619141,TN,4,4,24.657115936279297,8.047651290893555,1,0.2490386962890625,85.4752426147461,24.657115936279297,0.0,0.0
910666,49035,1,muon,electron,0,0.4874059855937958,0.3473568558692932,0.4874059855937958,0.12483663111925125,0.040400560945272446,0,0,0.019340915605425835,0.7809543609619141,TN,8,7,35.19557571411133,8.937363624572754,2,2.5575942993164062,741.4002685546875,0.0,17.421207427978516,17.77436637878418
375303,20242,1,photon,electron,0,0.6747961044311523,0.04806650057435036,0.6747961044311523,0.27706378698349,7.357361755566671e-05,1,1,0.9068095684051514,0.7809543609619141,TP,8,4,17.846965789794922,6.794061183929443,2,0.780242919921875,774.9534301757812,0.0,17.464059829711914,0.38290542364120483
690736,37367,1,electron,muon,0,0.3425713777542114,0.3425713777542114,0.28956156969070435,0.08590392768383026,0.28196316957473755,1,0,0.5209447741508484,0.7809543609619141,FN,6,6,37.551109313964844,14.766865730285645,2,3.7091407775878906,1080.7608642578125,6.0458526611328125,0.0,31.505252838134766
424432,22861,1,photon,muon,0,0.4058394432067871,0.4058394432067871,0.30537930130958557,0.2874971628189087,0.001284080557525158,0,1,0.8072687983512878,0.7809543609619141,FP,7,6,31.93706703186035,15.63075065612793,2,2.052459716796875,703.3109741210938,4.072081565856934,27.864986419677734,0.0
908758,48921,1,electron,muon,0,0.8200621604919434,0.8200621604919434,0.0509040541946888,0.12545551359653473,0.0035781830083578825,0,0,0.001336867455393076,0.7809543609619141,TN,9,8,38.15412902832031,10.049595832824707,2,2.4278030395507812,644.5953979492188,21.65611457824707,16.498014450073242,0.0
236513,12793,1,proton,muon,0,0.5338698029518127,0.5338698029518127,0.17051579058170319,0.25071293115615845,0.04490150138735771,0,0,0.21967966854572296,0.7809543609619141,TN,4,4,68.92684936523438,31.365394592285156,1,0.39087486267089844,98.21417999267578,0.0,0.0,68.92684936523438
449824,24178,1,photon,muon,0,0.6914816498756409,0.6914816498756409,0.1178116649389267,0.14367304742336273,0.04703370854258537,0,0,0.33319687843322754,0.7809543609619141,TN,4,4,29.88323402404785,16.32938003540039,1,0.17963409423828125,63.16560745239258,29.88323402404785,0.0,0.0
870362,46927,1,photon,electron,0,0.9781515598297119,0.005940440110862255,0.9781515598297119,0.015907322987914085,6.87352894601645e-07,0,1,0.9806550741195679,0.7809543609619141,FP,16,9,40.89619445800781,10.585859298706055,3,3.6715316772460938,1189.083740234375,22.701107025146484,0.6110230088233948,17.584064483642578
450145,24193,1,electron,muon,0,0.3434751033782959,0.3434751033782959,0.34119027853012085,0.31433212757110596,0.0010024621151387691,0,0,0.7029143571853638,0.7809543609619141,TN,5,5,16.98900032043457,8.539283752441406,2,1.6730194091796875,489.530517578125,0.652892529964447,16.336109161376953,0.0
737237,39771,1,muon,electron,0,0.9280428290367126,0.009441445581614971,0.9280428290367126,0.06219429895281792,0.0003214390599168837,0,1,0.9536246657371521,0.7809543609619141,FP,11,5,34.942440032958984,19.723173141479492,3,5.8413848876953125,1179.4578857421875,1.878363847732544,0.023548856377601624,33.04052734375
282810,15271,1,photon,muon,0,0.4267028570175171,0.4267028570175171,0.3816046714782715,0.1916552186012268,3.731855031219311e-05,0,0,0.05861979350447655,0.7809543609619141,TN,4,4,15.61483383178711,8.289064407348633,1,0.12033653259277344,63.95655059814453,0.0,15.614832878112793,0.0
253210,13683,1,photon,muon,0,0.9906634092330933,0.9906634092330933,0.007908854633569717,0.0012927624629810452,0.00013490054698195308,0,0,0.0001684545713942498,0.7809543609619141,TN,9,8,48.6712760925293,12.191012382507324,2,2.417539596557617,592.877197265625,23.89191246032715,24.77936363220215,0.0
703135,38025,1,electron,muon,0,0.6511044502258301,0.6511044502258301,0.28294315934181213,0.02430693246424198,0.04164545610547066,0,0,0.08862663805484772,0.7809543609619141,TN,5,5,21.390888214111328,7.876297473907471,2,4.011310577392578,1222.911376953125,3.516185760498047,0.0,17.874704360961914
156360,8508,1,electron,muon,0,0.7033740282058716,0.7033740282058716,0.19378527998924255,0.014716844074428082,0.08812380582094193,1,0,0.23785264790058136,0.7809543609619141,FN,4,4,28.41592788696289,13.257169723510742,1,0.20003223419189453,68.18685150146484,0.0,0.0,28.41592788696289
456937,24593,1,muon,photon,0,0.4983356297016144,0.24432529509067535,0.21764005720615387,0.4983356297016144,0.03969905525445938,0,1,0.7958258986473083,0.7809543609619141,FP,4,4,23.049394607543945,10.031755447387695,1,0.2709846496582031,103.19017028808594,23.049394607543945,0.0,0.0
431932,23259,1,photon,electron,0,0.6752161979675293,0.2727832794189453,0.6752161979675293,0.04330546408891678,0.008695044554769993,0,0,0.5503423810005188,0.7809543609619141,TN,6,4,34.27801513671875,18.40437126159668,1,0.5820159912109375,150.32064819335938,0.0,0.0,34.27801513671875
612887,33104,1,photon,muon,0,0.5161192417144775,0.5161192417144775,0.18529248237609863,0.009834352880716324,0.2887539267539978,0,0,0.4147789776325226,0.7809543609619141,TN,5,5,48.10690689086914,22.866130828857422,1,0.16637802124023438,52.517852783203125,0.0,0.0,48.10690689086914
570233,30732,1,proton,muon,0,0.7975441813468933,0.7975441813468933,0.15006527304649353,0.0026866579428315163,0.04970390349626541,0,0,0.13403871655464172,0.7809543609619141,TN,4,4,24.58736801147461,10.811283111572266,1,0.23156356811523438,55.812744140625,0.0,0.0,24.58736801147461
470633,25351,1,muon,photon,0,0.5392071008682251,0.24918320775032043,0.21152402460575104,0.5392071008682251,8.566032920498401e-05,0,1,0.8471888303756714,0.7809543609619141,FP,8,6,40.21669006347656,14.47217845916748,2,1.7533302307128906,571.0013427734375,1.9224083423614502,38.294281005859375,0.0
290030,15671,1,electron,muon,0,0.6590734720230103,0.6590734720230103,0.3243197798728943,0.011168318800628185,0.005438406486064196,0,0,0.27556750178337097,0.7809543609619141,TN,4,4,20.05093765258789,10.158454895019531,1,0.1672344207763672,44.59027862548828,0.0,0.0,20.05093765258789
48331,2681,1,electron,muon,0,0.5510917901992798,0.5510917901992798,0.44705814123153687,0.0006543974159285426,0.0011956412345170975,0,0,0.551829993724823,0.7809543609619141,TN,9,7,42.16938781738281,10.876763343811035,2,2.697709560394287,832.8226318359375,0.0,20.46021842956543,21.709169387817383
476772,25684,1,muon,photon,0,0.7066043019294739,0.22163233160972595,0.06824231892824173,0.7066043019294739,0.0035209781490266323,0,1,0.8706337213516235,0.7809543609619141,FP,4,4,24.310882568359375,11.611936569213867,1,0.368133544921875,70.26899719238281,0.0,24.310882568359375,0.0
965731,52079,1,muon,electron,0,0.8573160767555237,0.10555645823478699,0.8573160767555237,0.03703165426850319,9.584604413248599e-05,0,1,0.8908772468566895,0.7809543609619141,FP,6,4,32.07022476196289,14.65577507019043,1,0.9210586547851562,178.64930725097656,0.0,0.0,32.07022476196289
744469,40158,1,muon,electron,0,0.8768848776817322,0.08845672011375427,0.8768848776817322,0.03465663641691208,1.737338266138977e-06,0,0,0.08544860035181046,0.7809543609619141,TN,16,11,48.484222412109375,8.795731544494629,3,4.712860107421875,1149.703369140625,17.671817779541016,15.67704963684082,15.135356903076172
30191,1658,1,muon,photon,0,0.6993386149406433,0.23862650990486145,0.06188897415995598,0.6993386149406433,0.00014589513011742383,0,0,0.6756577491760254,0.7809543609619141,TN,4,4,16.88559913635254,5.816632270812988,1,0.2619588375091553,80.18632507324219,16.88559913635254,0.0,0.0
84718,4657,1,photon,muon,0,0.48442327976226807,0.48442327976226807,0.28408023715019226,0.22273513674736023,0.008761338889598846,1,0,0.3757357895374298,0.7809543609619141,FN,7,4,37.039215087890625,18.913860321044922,1,1.1798267364501953,212.67723083496094,37.039215087890625,0.0,0.0
680877,36841,1,photon,muon,0,0.9680894017219543,0.9680894017219543,0.027200588956475258,0.0007261141436174512,0.0039838822558522224,0,0,1.7595642930245958e-05,0.7809543609619141,TN,9,8,60.37861633300781,19.945789337158203,2,3.4856948852539062,646.3399047851562,27.448501586914062,32.93011474609375,0.0
117515,6366,1,electron,muon,0,0.70649653673172,0.70649653673172,0.2553880214691162,0.013777665793895721,0.024337733164429665,0,0,0.2923494875431061,0.7809543609619141,TN,4,4,19.184043884277344,9.230303764343262,1,0.18565940856933594,65.70870971679688,0.0,0.0,19.184043884277344
354268,19129,1,muon,electron,0,0.6774410009384155,0.32185035943984985,0.6774410009384155,0.00044807762606069446,0.00026061604148708284,0,0,0.0036278869956731796,0.7809543609619141,TN,12,11,52.98650360107422,9.010369300842285,3,3.772768020629883,1160.1402587890625,16.957263946533203,18.514074325561523,17.51516342163086
645963,34894,1,electron,muon,0,0.5771380662918091,0.5771380662918091,0.4002968668937683,0.013993385247886181,0.008571680635213852,0,0,0.5725538730621338,0.7809543609619141,TN,5,4,28.247608184814453,14.598798751831055,2,2.560924530029297,579.7529296875,0.0,0.34017226099967957,27.90743637084961
558550,30057,1,electron,muon,0,0.5212144255638123,0.5212144255638123,0.3728558421134949,0.10250423103570938,0.0034255904611200094,0,0,0.3195449709892273,0.7809543609619141,TN,4,4,13.894548416137695,4.657225131988525,1,0.16254043579101562,93.58810424804688,0.0,0.0,13.894548416137695
700330,37878,1,muon,photon,0,0.6365134119987488,0.20411764085292816,0.15531548857688904,0.6365134119987488,0.004053383134305477,0,1,0.8166071772575378,0.7809543609619141,FP,4,4,20.80522918701172,8.8380126953125,1,0.3574180603027344,118.8611831665039,0.0,20.80522918701172,0.0
6525,331,1,electron,photon,0,0.7864235043525696,0.030883077532052994,0.18268954753875732,0.7864235043525696,3.9227907109307125e-06,0,1,0.972601592540741,0.7809543609619141,FP,8,4,29.48200798034668,15.510443687438965,1,0.8486436009407043,424.923828125,0.0,29.482009887695312,0.0
940859,50729,1,muon,electron,0,0.6564819812774658,0.25134772062301636,0.6564819812774658,0.09216635674238205,3.914646640623687e-06,0,0,0.050003718584775925,0.7809543609619141,TN,11,9,39.60944747924805,10.630094528198242,2,2.5815658569335938,592.209716796875,24.219974517822266,15.389472961425781,0.0
972091,52428,1,muon,proton,0,0.3875219225883484,0.23809678852558136,0.03882070630788803,0.3355606198310852,0.3875219225883484,0,0,0.686937689781189,0.7809543609619141,TN,5,5,48.01804733276367,18.37790870666504,1,0.28711700439453125,108.61167907714844,0.0,48.01804733276367,0.0
924594,49843,1,electron,muon,0,0.7752181887626648,0.7752181887626648,0.19241568446159363,0.0018075616098940372,0.030558593571186066,0,0,0.0016920616617426276,0.7809543609619141,TN,4,4,27.6137752532959,12.285099983215332,1,0.2673797607421875,69.94404602050781,0.0,0.0,27.613773345947266
737260,39774,1,electron,muon,0,0.8334401845932007,0.8334401845932007,0.14988306164741516,0.01641683839261532,0.00025994074530899525,0,0,0.00011176471161888912,0.7809543609619141,TN,10,8,48.91289520263672,12.353151321411133,2,2.1701431274414062,645.2255859375,25.25796890258789,23.654922485351562,0.0
8258,454,1,electron,muon,0,0.7185091972351074,0.7185091972351074,0.21610261499881744,0.02201627939939499,0.04337193816900253,0,0,0.20316769182682037,0.7809543609619141,TN,5,4,24.983104705810547,8.349861145019531,1,0.8065468072891235,223.49595642089844,0.0,0.0,24.983104705810547
644923,34843,1,electron,muon,0,0.856211245059967,0.856211245059967,0.1036260649561882,0.00587027333676815,0.03429245203733444,1,0,0.10060147196054459,0.7809543609619141,FN,4,4,33.22142791748047,19.81084442138672,1,0.36702728271484375,106.11144256591797,0.0,0.0,33.22142791748047
302268,16343,1,muon,photon,0,0.9208780527114868,0.0651308000087738,0.011212125420570374,0.9208780527114868,0.0027789785526692867,0,1,0.9391330480575562,0.7809543609619141,FP,5,5,31.00058364868164,10.0990629196167,1,0.18115234375,84.26689147949219,31.00058364868164,0.0,0.0
444976,23942,1,photon,muon,0,0.8673422336578369,0.8673422336578369,0.0681956335902214,0.062277261167764664,0.002184855518862605,0,0,0.2522982358932495,0.7809543609619141,TN,4,4,22.170970916748047,9.285470008850098,1,0.21467208862304688,82.56887817382812,22.170970916748047,0.0,0.0
709971,38395,1,photon,muon,0,0.48748981952667236,0.48748981952667236,0.46438565850257874,0.02503325790166855,0.02309120073914528,0,0,0.530173122882843,0.7809543609619141,TN,5,4,27.382591247558594,13.116911888122559,1,0.6901969909667969,140.68661499023438,0.0,0.0,27.382591247558594
570592,30751,1,muon,electron,0,0.694426953792572,0.21129831671714783,0.694426953792572,0.08695095032453537,0.007323831785470247,0,0,0.7300639748573303,0.7809543609619141,TN,5,4,21.389781951904297,10.239694595336914,1,0.51806640625,54.31175231933594,0.0,0.0,21.389781951904297
973015,52482,1,photon,muon,0,0.8251385688781738,0.8251385688781738,0.0525018572807312,0.11780474334955215,0.0045548188500106335,1,0,0.25974592566490173,0.7809543609619141,FN,4,4,21.675901412963867,10.089768409729004,1,0.17791748046875,68.4053955078125,21.675901412963867,0.0,0.0
142935,7802,1,electron,muon,0,0.8386213779449463,0.8386213779449463,0.10314559936523438,0.00023111746122594923,0.058001864701509476,0,0,0.005586366634815931,0.7809543609619141,TN,4,4,26.748287200927734,14.5263032913208,1,0.2282543182373047,88.04486846923828,0.0,0.0,26.748287200927734
311882,16835,1,muon,electron,0,0.9008997082710266,0.08518395572900772,0.9008997082710266,0.012943634763360023,0.000972673820797354,0,1,0.9170172810554504,0.7809543609619141,FP,6,4,23.473125457763672,12.814367294311523,2,2.564859390258789,718.1878051757812,0.0,0.054486505687236786,23.418638229370117
958493,51684,1,muon,photon,0,0.8812242746353149,0.061621375381946564,0.05714723840355873,0.8812242746353149,7.160268523875857e-06,0,1,0.9797549247741699,0.7809543609619141,FP,13,9,71.83882904052734,17.829811096191406,2,2.1568984985351562,644.4942016601562,21.458951950073242,50.379878997802734,0.0
522942,28197,1,electron,muon,0,0.6520398855209351,0.6520398855209351,0.30292415618896484,0.039591219276189804,0.005444784183055162,0,0,0.005517993588000536,0.7809543609619141,TN,4,4,28.77027130126953,12.140951156616211,1,0.40773773193359375,132.15284729003906,0.0,0.0,28.77027130126953
989599,53384,1,electron,photon,0,0.5454567670822144,0.11340076476335526,0.3411290645599365,0.5454567670822144,1.3432623745757155e-05,0,1,0.933751106262207,0.7809543609619141,FP,11,5,32.625484466552734,15.190436363220215,3,1.6601409912109375,1072.2410888671875,3.542611837387085,28.66682243347168,0.41605043411254883
551653,29684,1,muon,electron,0,0.5562744140625,0.4432450532913208,0.5562744140625,0.0003570221597328782,0.00012352189514786005,0,0,0.06584443897008896,0.7809543609619141,TN,14,13,57.06329345703125,10.463043212890625,3,4.00433349609375,1153.626708984375,21.488895416259766,16.031192779541016,19.5432071685791
896016,48235,1,photon,electron,0,0.5229591131210327,0.43620193004608154,0.5229591131210327,0.03860505297780037,0.002233868231996894,0,0,0.4639946222305298,0.7809543609619141,TN,4,4,11.995977401733398,5.5704665184021,1,0.19777679443359375,80.97367858886719,0.0,0.0,11.995977401733398
868026,46800,1,muon,electron,0,0.4925016462802887,0.27935314178466797,0.4925016462802887,0.20154842734336853,0.026596825569868088,0,0,0.6897743344306946,0.7809543609619141,TN,5,4,19.36585235595703,6.90761137008667,2,1.6514205932617188,473.2367248535156,0.011630568653345108,19.35422134399414,0.0
883175,47574,1,proton,muon,0,0.7907462120056152,0.7907462120056152,0.0021555572748184204,0.11496726423501968,0.09213093668222427,1,0,0.006864344235509634,0.7809543609619141,FN,4,4,44.335166931152344,22.926483154296875,2,3.1007919311523438,556.2842407226562,0.0,31.304052352905273,13.031116485595703
529537,28549,1,electron,muon,0,0.7716184854507446,0.7716184854507446,0.15557760000228882,0.062460534274578094,0.010343417525291443,0,0,0.02322893775999546,0.7809543609619141,TN,4,4,17.83962059020996,8.146705627441406,1,0.17793655395507812,59.87069320678711,17.83962059020996,0.0,0.0
997185,53795,1,electron,muon,0,0.8931782841682434,0.8931782841682434,0.0669580027461052,0.03873246908187866,0.001131299533881247,0,0,0.0035678211133927107,0.7809543609619141,TN,4,4,24.29117774963379,11.24365234375,1,0.2307891845703125,93.23846435546875,0.0,24.291175842285156,0.0
298243,16119,1,photon,electron,0,0.6035057306289673,0.04540117457509041,0.6035057306289673,0.35101017355918884,8.292412530863658e-05,0,0,0.4501599371433258,0.7809543609619141,TN,7,4,14.209470748901367,6.371999740600586,1,0.9955158233642578,205.91151428222656,0.0,0.0,14.20946979522705
817985,44073,1,electron,muon,0,0.4590955674648285,0.4590955674648285,0.4259220361709595,0.11346563696861267,0.0015167291276156902,0,0,0.4974825084209442,0.7809543609619141,TN,5,4,22.11396026611328,11.257594108581543,2,2.0914459228515625,633.872314453125,0.0,0.11027275025844574,22.00368881225586
707445,38263,1,electron,photon,0,0.6398245692253113,0.019962085410952568,0.34020453691482544,0.6398245692253113,8.827038982417434e-06,0,0,0.47124555706977844,0.7809543609619141,TN,15,10,62.745689392089844,10.952863693237305,2,4.660923004150391,812.9486694335938,38.79474639892578,23.950942993164062,0.0
554273,29831,1,muon,electron,0,0.4611356556415558,0.42677873373031616,0.4611356556415558,0.08648908883333206,0.02559652552008629,0,0,0.6977580189704895,0.7809543609619141,TN,4,4,18.2572021484375,8.313997268676758,1,0.271453857421875,91.3016357421875,0.0,0.0,18.2572021484375
689540,37304,1,muon,electron,0,0.6805551052093506,0.3005572557449341,0.6805551052093506,0.01883172057569027,5.5872020311653614e-05,0,0,0.45239487290382385,0.7809543609619141,TN,10,7,42.986419677734375,11.361099243164062,3,4.231220245361328,1270.7908935546875,1.6060394048690796,6.161162853240967,35.21921920776367
945176,50973,1,electron,muon,0,0.6436256766319275,0.6436256766319275,0.3129837214946747,0.02576593868434429,0.01762467436492443,0,0,0.30403995513916016,0.7809543609619141,TN,7,5,46.15861129760742,13.959510803222656,1,0.966400146484375,248.52085876464844,0.0,0.0,46.15861129760742
690114,37343,1,electron,muon,0,0.9711102843284607,0.9711102843284607,0.026091566309332848,0.00016111164586618543,0.002637046156451106,0,0,0.0001801095495466143,0.7809543609619141,TN,9,7,63.48358917236328,24.200958251953125,2,3.011516571044922,892.1433715820312,0.0,38.16634750366211,25.317241668701172
63869,3532,1,electron,photon,0,0.9187113046646118,0.004753711633384228,0.07653360813856125,0.9187113046646118,1.406711021445517e-06,0,1,0.8982316851615906,0.7809543609619141,FP,9,4,27.230182647705078,11.89074993133545,1,2.245110511779785,303.95843505859375,0.0,27.230186462402344,0.0
8395,465,1,muon,photon,0,0.5358713865280151,0.27482596039772034,0.11641138792037964,0.5358713865280151,0.07289127260446548,0,0,0.004639531020075083,0.7809543609619141,TN,5,4,23.314815521240234,8.541693687438965,2,1.6148314476013184,498.66973876953125,18.73889923095703,4.575916767120361,0.0
537454,28936,1,electron,muon,0,0.6103994846343994,0.6103994846343994,0.36726105213165283,0.014223458245396614,0.00811601523309946,0,0,0.42489373683929443,0.7809543609619141,TN,4,4,19.096538543701172,6.451262474060059,1,0.2481689453125,68.84969329833984,0.0,0.0,19.096538543701172
778176,41897,1,electron,muon,0,0.6077724099159241,0.6077724099159241,0.33552470803260803,0.04516436904668808,0.011538537219166756,1,0,0.12432900071144104,0.7809543609619141,FN,6,4,28.9312686920166,12.247028350830078,3,4.227470397949219,1242.1993408203125,0.38929665088653564,4.042093753814697,24.499879837036133
91949,5038,1,electron,muon,0,0.7709720730781555,0.7709720730781555,0.22555382549762726,0.002795570297166705,0.0006785113364458084,0,0,0.031240303069353104,0.7809543609619141,TN,18,10,68.18629455566406,13.987496376037598,3,4.043938636779785,1283.8095703125,19.71738052368164,22.378955841064453,26.089963912963867
486189,26232,1,muon,photon,0,0.5213444828987122,0.42912808060646057,0.019807903096079826,0.5213444828987122,0.029719548299908638,0,1,0.8299119472503662,0.7809543609619141,FP,4,4,26.433256149291992,15.99656867980957,1,0.3164482116699219,81.44437408447266,26.433256149291992,0.0,0.0
284521,15358,1,muon,electron,0,0.5402519106864929,0.445911169052124,0.5402519106864929,0.008179489523172379,0.005657503381371498,0,1,0.820083498954773,0.7809543609619141,FP,5,5,18.72161865234375,7.232712745666504,2,2.1002140045166016,623.65185546875,0.0,0.7635260820388794,17.958091735839844
653209,35324,1,photon,electron,0,0.5143741965293884,0.0006621663342230022,0.5143741965293884,0.4849576950073242,5.865522780368337e-06,1,1,0.9887961149215698,0.7809543609619141,TP,14,5,22.15018653869629,6.045861721038818,2,3.0425186157226562,820.199951171875,21.773006439208984,0.3771820068359375,0.0
829935,44785,1,muon,electron,0,0.656413733959198,0.3249896466732025,0.656413733959198,0.016865842044353485,0.0017308611422777176,0,0,0.6402416229248047,0.7809543609619141,TN,7,5,32.83720016479492,12.382345199584961,3,4.7253265380859375,1359.476806640625,0.745786726474762,0.33927345275878906,31.752138137817383
649178,35062,1,muon,electron,0,0.5861448049545288,0.4123513996601105,0.5861448049545288,0.0008944299770519137,0.0006093386909924448,0,0,0.34055036306381226,0.7809543609619141,TN,9,6,36.61339569091797,9.378348350524902,3,3.6364784240722656,1022.3618774414062,0.24131083488464355,20.714454650878906,15.657628059387207
742693,40063,1,electron,muon,0,0.739068329334259,0.739068329334259,0.25110316276550293,0.0016740026185289025,0.008154568262398243,0,0,0.10404207557439804,0.7809543609619141,TN,4,4,17.331083297729492,5.5564751625061035,1,0.227691650390625,87.03511047363281,0.0,0.0,17.331083297729492
735999,39712,1,muon,photon,0,0.6909064054489136,0.2941049337387085,0.014987563714385033,0.6909064054489136,1.0639574838933186e-06,0,0,0.7436352372169495,0.7809543609619141,TN,12,9,62.204219818115234,12.609256744384766,2,4.654472351074219,678.4468383789062,39.48970413208008,22.714513778686523,0.0
551874,29693,1,muon,electron,0,0.4642532765865326,0.4444290101528168,0.4642532765865326,0.06942979991436005,0.021887952461838722,0,0,0.3787187337875366,0.7809543609619141,TN,6,4,20.044879913330078,6.170947551727295,2,3.1743011474609375,792.3933715820312,0.0,0.6621991395950317,19.382680892944336
2662,137,1,proton,muon,0,0.8658291101455688,0.8658291101455688,0.12831538915634155,0.0014892909675836563,0.004366206470876932,0,0,0.1696985960006714,0.7809543609619141,TN,5,5,24.692001342773438,7.343640327453613,2,2.362109661102295,583.224853515625,0.0,3.309800148010254,21.3822021484375
980116,52873,1,photon,electron,0,0.5771828889846802,0.3818330764770508,0.5771828889846802,0.028739919885993004,0.012244108133018017,0,0,0.48649048805236816,0.7809543609619141,TN,7,4,31.773189544677734,17.66913604736328,2,1.984100341796875,628.1976928710938,0.0,0.19974608719348907,31.573442459106445
934072,50359,1,proton,muon,0,0.9925493001937866,0.9925493001937866,0.0014299763133749366,4.062465814058669e-05,0.005980068817734718,0,0,5.581952791544609e-06,0.7809543609619141,TN,12,12,61.374732971191406,9.325169563293457,3,4.097526550292969,1091.025634765625,20.319671630859375,20.891042709350586,20.164016723632812
70770,3929,1,electron,muon,0,0.5982279181480408,0.5982279181480408,0.32522574067115784,0.04523333162069321,0.03131299093365669,0,0,0.1579202562570572,0.7809543609619141,TN,5,4,17.739824295043945,5.974526882171631,1,0.7835679054260254,138.10549926757812,0.0,0.0,17.739824295043945
893746,48129,1,photon,muon,0,0.37262535095214844,0.37262535095214844,0.13338495790958405,0.31970518827438354,0.17428454756736755,1,0,0.7307838797569275,0.7809543609619141,FN,4,4,41.678871154785156,19.001726150512695,1,0.3010711669921875,84.54296112060547,41.678871154785156,0.0,0.0
467037,25141,1,electron,muon,0,0.6823067665100098,0.6823067665100098,0.19844171404838562,0.018627900630235672,0.10062368959188461,0,0,0.17710617184638977,0.7809543609619141,TN,4,4,23.756763458251953,10.36221694946289,1,0.3305778503417969,113.0094985961914,0.0,0.0,23.756763458251953
198089,10775,1,electron,muon,0,0.5945091843605042,0.5945091843605042,0.1971418261528015,0.15201379358768463,0.056335244327783585,0,0,0.39273104071617126,0.7809543609619141,TN,4,4,35.853904724121094,12.808564186096191,1,0.2288818359375,73.4244155883789,0.0,0.0,35.853904724121094
677355,36655,1,photon,electron,0,0.6485240459442139,0.013874361291527748,0.6485240459442139,0.3376009166240692,6.090297119953902e-07,0,1,0.8874290585517883,0.7809543609619141,FP,13,9,69.8558349609375,22.38699722290039,2,2.5278167724609375,623.1897583007812,52.980743408203125,16.875091552734375,0.0
123360,6711,1,muon,electron,0,0.6396826505661011,0.3459068238735199,0.6396826505661011,0.014409840106964111,6.550170610353234e-07,0,0,0.03649033233523369,0.7809543609619141,TN,18,12,64.35991668701172,9.990654945373535,3,6.026432037353516,1271.475830078125,19.329875946044922,28.66841697692871,16.361621856689453
19740,1084,1,electron,muon,0,0.7163966298103333,0.7163966298103333,0.24761375784873962,0.008248113095760345,0.027741404250264168,0,0,0.13677234947681427,0.7809543609619141,TN,4,4,27.656633377075195,12.775532722473145,1,0.4007912874221802,108.58404541015625,0.0,0.0,27.656633377075195
819277,44152,1,electron,muon,0,0.5985665321350098,0.5985665321350098,0.11719916015863419,0.26694318652153015,0.017291180789470673,0,0,0.4294032156467438,0.7809543609619141,TN,4,4,17.959022521972656,7.366281509399414,1,0.17948150634765625,47.999629974365234,0.0,17.959020614624023,0.0
136221,7418,1,electron,muon,0,0.6474703550338745,0.6474703550338745,0.3189883232116699,0.02091149240732193,0.012629810720682144,0,0,0.47722405195236206,0.7809543609619141,TN,4,4,17.675357818603516,6.829010486602783,1,0.2550048828125,70.6083755493164,0.0,0.0,17.675357818603516
61295,3392,1,electron,muon,0,0.518646240234375,0.518646240234375,0.36533278226852417,0.11515100300312042,0.0008699375903233886,0,0,0.006252128630876541,0.7809543609619141,TN,4,4,14.25880241394043,5.662325382232666,1,0.20766019821166992,54.56199264526367,14.25880241394043,0.0,0.0
651948,35236,1,electron,muon,0,0.8001613020896912,0.8001613020896912,0.18899807333946228,0.010455801151692867,0.00038476736517623067,0,0,0.16679751873016357,0.7809543609619141,TN,9,8,42.52510070800781,10.959735870361328,2,2.3720169067382812,689.1670532226562,0.0,24.091346740722656,18.433753967285156
597376,32221,1,muon,proton,0,0.7272136807441711,0.2034478783607483,0.05751919001340866,0.01181925181299448,0.7272136807441711,0,0,0.3966199457645416,0.7809543609619141,TN,4,4,46.150238037109375,20.82509994506836,1,0.19589614868164062,122.98137664794922,0.0,0.0,46.150238037109375
775203,41750,1,photon,electron,0,0.4828203022480011,0.0566873699426651,0.4828203022480011,0.46047449111938477,1.785760650818702e-05,1,1,0.8987974524497986,0.7809543609619141,TP,15,8,75.29934692382812,15.041963577270508,2,3.5494842529296875,763.4833984375,39.29890060424805,36.00045394897461,0.0
638977,34515,1,photon,muon,0,0.722974419593811,0.722974419593811,0.08116266876459122,0.1311856359243393,0.06467725336551666,0,0,0.025065308436751366,0.7809543609619141,TN,4,4,21.760700225830078,7.5297017097473145,1,0.2789802551269531,77.01575469970703,21.760700225830078,0.0,0.0
521934,28153,1,photon,muon,0,0.9259598255157471,0.9259598255157471,0.07049545645713806,0.0035122246481478214,3.240291334805079e-05,1,0,0.0007261064602062106,0.7809543609619141,FN,14,9,66.47384643554688,18.721513748168945,3,2.877735137939453,1282.1727294921875,19.524677276611328,46.85092544555664,0.09824470430612564
806776,43471,1,electron,muon,0,0.6988488435745239,0.6988488435745239,0.26841381192207336,0.00393266137689352,0.028804706409573555,0,0,0.000606561719905585,0.7809543609619141,TN,12,8,73.38395690917969,34.00383758544922,2,3.1264801025390625,749.7662353515625,22.457597732543945,50.926361083984375,0.0
554646,29850,1,photon,muon,0,0.5076645612716675,0.5076645612716675,0.4022589921951294,0.05358297377824783,0.03649347648024559,0,0,0.3851597309112549,0.7809543609619141,TN,5,4,31.868755340576172,12.374410629272461,1,0.3020782470703125,102.91010284423828,0.0,0.0,31.868755340576172
755585,40757,1,photon,electron,0,0.7553291320800781,0.1933407187461853,0.7553291320800781,0.051258817315101624,7.139332592487335e-05,0,1,0.8606269955635071,0.7809543609619141,FP,8,4,39.108848571777344,15.58456039428711,2,2.5145339965820312,622.5431518554688,0.0,0.07498384267091751,39.03386306762695
969662,52286,1,electron,muon,0,0.815332293510437,0.815332293510437,0.0990677997469902,0.0012846753234043717,0.08431527763605118,0,0,0.0001385807408951223,0.7809543609619141,TN,14,12,94.81124877929688,21.439058303833008,3,4.071311950683594,1256.868408203125,22.813753128051758,52.795257568359375,19.202232360839844
538130,28983,1,photon,muon,0,0.6272621154785156,0.6272621154785156,0.2498766928911209,0.10073032230138779,0.022130893543362617,0,0,0.40591588616371155,0.7809543609619141,TN,4,4,21.78400230407715,12.922296524047852,1,0.1340179443359375,71.40507507324219,0.0,21.784000396728516,0.0
534829,28794,1,proton,muon,0,0.5834430456161499,0.5834430456161499,0.2529944181442261,0.04360274598002434,0.11995979398488998,0,0,0.25452110171318054,0.7809543609619141,TN,4,4,31.60379981994629,11.111380577087402,1,0.34435272216796875,109.38371276855469,0.0,0.0,31.603801727294922
260497,14060,1,muon,photon,0,0.6273486614227295,0.16380593180656433,0.2087116837501526,0.6273486614227295,0.00013365669292397797,0,1,0.9085008502006531,0.7809543609619141,FP,6,4,18.55489730834961,8.11224365234375,1,0.6086959838867188,151.2921600341797,18.55489730834961,0.0,0.0
291386,15760,1,electron,muon,0,0.8207760453224182,0.8207760453224182,0.05177854746580124,0.11106150597333908,0.016383912414312363,0,0,0.14699982106685638,0.7809543609619141,TN,4,4,59.582313537597656,36.24488830566406,1,0.3225574493408203,99.71946716308594,0.0,59.582313537597656,0.0
491233,26492,1,electron,muon,0,0.5887811779975891,0.5887811779975891,0.3745608329772949,0.02809148095548153,0.008566485717892647,0,0,0.2756611704826355,0.7809543609619141,TN,4,4,20.616985321044922,8.679896354675293,1,0.3228187561035156,116.87117767333984,0.0,0.0,20.616985321044922
257987,13940,1,muon,electron,0,0.5218876600265503,0.3857372999191284,0.5218876600265503,0.08452920615673065,0.007845785468816757,0,0,0.5316087603569031,0.7809543609619141,TN,6,5,35.02684783935547,14.745438575744629,1,1.9005489349365234,181.31307983398438,0.0,0.0,35.02684783935547
519286,28014,1,muon,photon,0,0.5145493149757385,0.33009791374206543,0.15234407782554626,0.5145493149757385,0.003008652711287141,0,0,0.6635143756866455,0.7809543609619141,TN,5,4,26.02553367614746,10.00989055633545,1,1.9363174438476562,216.90054321289062,0.0,26.02553367614746,0.0
159260,8670,1,electron,muon,0,0.7144829630851746,0.7144829630851746,0.17614319920539856,0.10646551102399826,0.002908324124291539,0,0,0.027835246175527573,0.7809543609619141,TN,5,4,22.230712890625,9.93388557434082,1,0.7459144592285156,161.9436798095703,22.230712890625,0.0,0.0
51396,2868,1,proton,muon,0,0.5453149676322937,0.5453149676322937,0.0015073709655553102,0.0007251185015775263,0.45245251059532166,0,0,0.0031226540450006723,0.7809543609619141,TN,12,12,115.3779296875,17.3170166015625,3,5.926769256591797,1090.809326171875,44.82860565185547,38.97262191772461,31.576698303222656
220783,11956,1,photon,muon,0,0.6626589298248291,0.6626589298248291,0.13707318902015686,0.1953449696302414,0.004922973923385143,1,0,0.4693405032157898,0.7809543609619141,FN,4,4,22.367897033691406,8.91525936126709,1,0.14975929260253906,107.49493408203125,22.367897033691406,0.0,0.0
727258,39266,1,electron,muon,0,0.8437183499336243,0.8437183499336243,0.13309969007968903,0.003771132556721568,0.01941085048019886,0,0,0.22539718449115753,0.7809543609619141,TN,4,4,27.183433532714844,10.065227508544922,1,0.34152984619140625,103.09211730957031,0.0,0.0,27.18343162536621
459085,24716,1,muon,electron,0,0.6180596947669983,0.3680730164051056,0.6180596947669983,0.006503968965262175,0.007363305892795324,0,0,0.5476770401000977,0.7809543609619141,TN,11,7,38.91061019897461,10.201992988586426,3,4.297214508056641,1188.020751953125,0.32947835326194763,22.70391082763672,15.877220153808594
749156,40413,1,electron,muon,0,0.6216186285018921,0.6216186285018921,0.24764513969421387,0.07424218207597733,0.05649407580494881,0,0,0.2856826186180115,0.7809543609619141,TN,4,4,23.986753463745117,10.648136138916016,1,0.2369842529296875,81.55438995361328,0.0,0.0,23.986753463745117
544722,29326,1,electron,muon,0,0.7367140650749207,0.7367140650749207,0.21315155923366547,0.02963525615632534,0.02049916982650757,0,0,0.29128843545913696,0.7809543609619141,TN,4,4,27.011695861816406,12.214601516723633,1,0.32448577880859375,97.50572204589844,0.0,0.0,27.011695861816406
469901,25312,1,muon,photon,0,0.6841320395469666,0.13227981328964233,0.15635794401168823,0.6841320395469666,0.027230188250541687,0,1,0.9302805066108704,0.7809543609619141,FP,7,6,30.133716583251953,8.231950759887695,1,0.5933265686035156,262.8348693847656,0.0,30.133716583251953,0.0
489248,26392,1,muon,electron,0,0.537192165851593,0.46184396743774414,0.537192165851593,0.00026651928783394396,0.0006973555427975953,0,0,0.06001667305827141,0.7809543609619141,TN,15,12,69.70916748046875,15.775264739990234,3,4.411365509033203,1137.521484375,19.052610397338867,28.795486450195312,21.861068725585938
448156,24100,1,electron,muon,0,0.6492717862129211,0.6492717862129211,0.2610071003437042,0.028643472120165825,0.06107763946056366,0,0,0.5738664269447327,0.7809543609619141,TN,4,4,21.192100524902344,8.797784805297852,1,0.21809768676757812,72.0926513671875,0.0,0.0,21.192100524902344
237085,12826,1,photon,muon,0,0.7996843457221985,0.7996843457221985,0.12672355771064758,0.05399727821350098,0.01959478110074997,0,0,3.5732125979848206e-05,0.7809543609619141,TN,6,6,29.741378784179688,8.721009254455566,2,1.8451671600341797,535.7545776367188,24.398136138916016,5.3432440757751465,0.0
236901,12814,1,electron,muon,0,0.6710838079452515,0.6710838079452515,0.32536813616752625,0.002853536978363991,0.0006945504574105144,0,0,0.49783456325531006,0.7809543609619141,TN,7,4,57.95247268676758,39.86922073364258,1,1.4744510650634766,337.28955078125,0.0,0.0,57.95247268676758
993375,53589,1,muon,photon,0,0.4192678928375244,0.37988245487213135,0.12124402821063995,0.4192678928375244,0.07960566878318787,0,0,0.4777640998363495,0.7809543609619141,TN,4,4,23.711278915405273,7.628254413604736,1,0.21246337890625,67.17530059814453,23.711278915405273,0.0,0.0
616650,33309,1,muon,photon,0,0.5697299242019653,0.390690416097641,0.0394560806453228,0.5697299242019653,0.00012357371451798826,0,0,0.48791787028312683,0.7809543609619141,TN,4,4,23.81075668334961,10.700101852416992,1,0.23703384399414062,72.90958404541016,0.0,23.81075668334961,0.0
820590,44222,1,electron,muon,0,0.5231643319129944,0.5231643319129944,0.4381149411201477,0.029002465307712555,0.009718246757984161,1,0,0.6706475019454956,0.7809543609619141,FN,4,4,18.226943969726562,8.340901374816895,1,0.27327728271484375,58.8081169128418,0.0,0.0,18.226943969726562
900403,48482,1,photon,muon,0,0.6458767652511597,0.6458767652511597,0.2924187481403351,0.05440656468272209,0.007297920528799295,1,0,0.05742404982447624,0.7809543609619141,FN,4,4,20.051776885986328,8.669331550598145,1,0.28118133544921875,120.22764587402344,0.0,20.051776885986328,0.0
84061,4614,1,electron,muon,0,0.4528169631958008,0.4528169631958008,0.1773289442062378,0.3668341040611267,0.0030199859756976366,0,0,0.7061541676521301,0.7809543609619141,TN,4,4,19.528757095336914,6.8595781326293945,1,0.24440240859985352,67.50466918945312,0.0,19.528757095336914,0.0
203715,11050,1,electron,muon,0,0.7347020506858826,0.7347020506858826,0.23927254974842072,0.01150683593004942,0.014518583193421364,1,0,0.4357796311378479,0.7809543609619141,FN,4,4,19.685470581054688,7.531634330749512,1,0.2243633270263672,79.02040100097656,0.0,0.0,19.685470581054688
984372,53103,1,electron,photon,0,0.7159797549247742,0.101584292948246,0.18200872838497162,0.7159797549247742,0.00042728340486064553,0,0,0.76317298412323,0.7809543609619141,TN,6,4,23.242786407470703,8.44269847869873,1,0.6570281982421875,177.2489013671875,23.242786407470703,0.0,0.0
117721,6378,1,photon,muon,0,0.7065733671188354,0.7065733671188354,0.24046820402145386,0.03716481477022171,0.01579357124865055,0,0,0.034382253885269165,0.7809543609619141,TN,4,4,17.88677215576172,8.143194198608398,1,0.2301025390625,73.42369842529297,17.88677215576172,0.0,0.0
477713,25743,1,photon,muon,0,0.6680535674095154,0.6680535674095154,0.2690407335758209,0.029851412400603294,0.033054303377866745,0,0,0.40405529737472534,0.7809543609619141,TN,4,4,29.651634216308594,11.719655990600586,1,0.2620582580566406,105.65691375732422,0.0,0.0,29.651634216308594
586944,31628,1,photon,electron,0,0.642784595489502,0.23764382302761078,0.642784595489502,0.11887789517641068,0.0006937099969945848,0,0,0.0006357477977871895,0.7809543609619141,TN,7,5,28.083454132080078,9.272421836853027,2,1.7574958801269531,570.748291015625,7.277353286743164,20.806100845336914,0.0
272888,14742,1,muon,electron,0,0.4869871139526367,0.4812210500240326,0.4869871139526367,0.03080613538622856,0.0009858234552666545,0,0,0.6220167875289917,0.7809543609619141,TN,4,4,18.48108673095703,8.240824699401855,1,0.28401947021484375,92.05497741699219,0.0,0.0,18.48108673095703
744801,40170,1,muon,proton,0,0.7644277215003967,0.0465836301445961,0.04937455803155899,0.13961410522460938,0.7644277215003967,0,0,0.6809901595115662,0.7809543609619141,TN,4,4,34.759151458740234,12.565095901489258,1,0.2390594482421875,69.91429901123047,34.759151458740234,0.0,0.0
541375,29160,1,electron,muon,0,0.7752178907394409,0.7752178907394409,0.21413229405879974,0.002656476106494665,0.007993299514055252,0,0,0.11447066068649292,0.7809543609619141,TN,4,4,21.142105102539062,6.6165995597839355,1,0.2882080078125,75.89196014404297,0.0,0.0,21.142105102539062
637999,34461,1,muon,electron,0,0.5104909539222717,0.43844833970069885,0.5104909539222717,0.04098806902766228,0.010072621516883373,0,0,0.24727731943130493,0.7809543609619141,TN,5,4,21.300025939941406,10.063133239746094,1,0.53765869140625,130.69439697265625,0.0,0.0,21.300025939941406
67637,3738,1,electron,muon,0,0.6838664412498474,0.6838664412498474,0.2502601742744446,0.047613054513931274,0.01826031506061554,1,0,0.3209511339664459,0.7809543609619141,FN,4,4,22.646648406982422,10.299756050109863,1,0.38973283767700195,133.4949188232422,0.0,0.0,22.646648406982422
464742,25020,1,electron,muon,0,0.7524563670158386,0.7524563670158386,0.21284250915050507,0.012115197256207466,0.02258586697280407,1,0,0.39455151557922363,0.7809543609619141,FN,4,4,27.87053680419922,15.808501243591309,1,0.3016204833984375,75.42779541015625,0.0,0.0,27.87053680419922
133888,7282,1,electron,photon,0,0.9647500514984131,0.007148821372538805,0.028100892901420593,0.9647500514984131,1.8641327415025444e-07,0,1,0.9822239279747009,0.7809543609619141,FP,7,4,27.42547035217285,13.247831344604492,1,0.7179956436157227,272.7204284667969,0.0,27.425472259521484,0.0
933764,50344,1,muon,electron,0,0.6190721988677979,0.2733308970928192,0.6190721988677979,0.10654789209365845,0.0010489841224625707,0,0,0.7783819437026978,0.7809543609619141,TN,7,6,30.785581588745117,8.601541519165039,2,2.3187103271484375,705.7545166015625,0.0,18.56405258178711,12.22153091430664
190349,10356,1,electron,muon,0,0.5314752459526062,0.5314752459526062,0.410197913646698,0.0348295122385025,0.023497313261032104,0,0,0.15806728601455688,0.7809543609619141,TN,4,4,20.72918128967285,10.146465301513672,1,0.3507194519042969,102.79328155517578,0.0,0.0,20.72918128967285
84562,4644,1,electron,muon,0,0.6596697568893433,0.6596697568893433,0.3401269316673279,0.00019449068349786103,8.832369530864526e-06,0,0,6.588352334802039e-06,0.7809543609619141,TN,16,15,65.77415466308594,7.802571773529053,3,4.023682117462158,1196.342041015625,25.070240020751953,23.979507446289062,16.724411010742188
33488,1845,1,muon,photon,0,0.5007615089416504,0.2597852051258087,0.23857633769512177,0.5007615089416504,0.0008769423002377152,0,0,0.10168209671974182,0.7809543609619141,TN,8,7,44.56388854980469,11.418001174926758,2,1.881361484527588,577.5487060546875,18.04261016845703,26.52128028869629,0.0
797811,42958,1,photon,muon,0,0.6901394724845886,0.6901394724845886,0.16895532608032227,0.0032332243863493204,0.13767190277576447,0,0,0.07724541425704956,0.7809543609619141,TN,5,4,36.78084182739258,17.415714263916016,1,0.6803131103515625,144.65573120117188,0.0,0.0,36.78083801269531
656122,35481,1,electron,muon,0,0.5861806273460388,0.5861806273460388,0.3711823523044586,0.030567364767193794,0.01206966582685709,0,0,0.11468496918678284,0.7809543609619141,TN,4,4,13.98027229309082,6.697879791259766,1,0.21619033813476562,59.70188903808594,0.0,0.0,13.98027229309082
486366,26242,1,photon,muon,0,0.5298725962638855,0.5298725962638855,0.14473497867584229,0.3253666162490845,2.5813142201513983e-05,0,0,0.44728827476501465,0.7809543609619141,TN,10,9,66.37969207763672,24.97488784790039,2,2.0600013732910156,621.5302734375,48.62187957763672,17.757808685302734,0.0
503550,27125,1,muon,photon,0,0.6060096621513367,0.15161727368831635,0.23936216533184052,0.6060096621513367,0.0030109125655144453,0,1,0.9265033006668091,0.7809543609619141,FP,8,7,56.713356018066406,22.14637565612793,2,1.673126220703125,516.2789306640625,30.64891242980957,26.06444549560547,0.0
812515,43788,1,photon,muon,0,0.3875340223312378,0.3875340223312378,0.23665481805801392,0.3103298842906952,0.06548130512237549,1,0,0.5755313634872437,0.7809543609619141,FN,4,4,22.391357421875,8.238051414489746,1,0.29586029052734375,81.47523498535156,22.391357421875,0.0,0.0
977167,52712,1,muon,electron,0,0.32975730299949646,0.30379992723464966,0.32975730299949646,0.08191008865833282,0.28453272581100464,0,0,9.731029422255233e-06,0.7809543609619141,TN,8,8,43.6462516784668,8.923025131225586,2,1.8148727416992188,556.5310668945312,25.835256576538086,17.81099510192871,0.0
257771,13924,1,photon,electron,0,0.5101292729377747,0.05559606850147247,0.5101292729377747,0.43427205085754395,2.5266294869652484e-06,1,1,0.8464651107788086,0.7809543609619141,TP,6,4,16.86631202697754,7.138489246368408,1,0.37850189208984375,228.1397705078125,0.0,16.86631202697754,0.0
547508,29467,1,electron,muon,0,0.6250398755073547,0.6250398755073547,0.3582679331302643,0.013602934777736664,0.0030891639180481434,0,0,0.3156754970550537,0.7809543609619141,TN,4,4,19.454627990722656,7.5152411460876465,1,0.3321075439453125,79.3504867553711,0.0,0.0,19.454627990722656
865435,46663,1,electron,muon,0,0.6332395672798157,0.6332395672798157,0.2802465558052063,0.034081604331731796,0.05243226885795593,0,0,0.48272573947906494,0.7809543609619141,TN,5,5,44.031715393066406,22.455883026123047,1,0.6237716674804688,178.5317840576172,0.0,0.0,44.031715393066406
311705,16828,1,muon,photon,0,0.867257297039032,0.00343851069919765,0.12930330634117126,0.867257297039032,8.74697036579164e-07,0,1,0.9788401126861572,0.7809543609619141,FP,9,4,30.112390518188477,11.763555526733398,2,3.0877037048339844,691.3007202148438,29.993635177612305,0.11875728517770767,0.0
192912,10499,1,electron,muon,0,0.9683840870857239,0.9683840870857239,0.029504621401429176,0.0021080083679407835,3.24404959428648e-06,1,0,0.0005973817897029221,0.7809543609619141,FN,12,8,51.86530685424805,12.300028800964355,2,2.0199718475341797,626.4820556640625,29.489238739013672,22.376068115234375,0.0
449448,24156,1,electron,muon,0,0.6337732672691345,0.6337732672691345,0.30200111865997314,0.027745526283979416,0.036480121314525604,0,0,0.046237535774707794,0.7809543609619141,TN,4,4,19.05921173095703,7.281335353851318,1,0.22673797607421875,73.03945922851562,0.0,0.0,19.05921173095703
373122,20105,1,photon,muon,0,0.9251987934112549,0.9251987934112549,0.04455115646123886,0.02667330764234066,0.0035767247900366783,0,0,0.0005744181689806283,0.7809543609619141,TN,4,4,22.74260711669922,9.724590301513672,1,0.2731914520263672,73.66888427734375,22.74260711669922,0.0,0.0
101472,5517,1,muon,proton,0,0.38589897751808167,0.23924507200717926,0.24829217791557312,0.12656378746032715,0.38589897751808167,0,0,0.282061904668808,0.7809543609619141,TN,4,4,35.42731475830078,12.532368659973145,1,0.21270084381103516,67.0582504272461,35.42731475830078,0.0,0.0
461067,24819,1,photon,muon,0,0.4889535903930664,0.4889535903930664,0.18503186106681824,0.321239709854126,0.004774830304086208,1,0,0.5891669988632202,0.7809543609619141,FN,6,6,46.93034362792969,16.660940170288086,1,0.3031272888183594,123.33499908447266,46.93034362792969,0.0,0.0
164580,8965,1,muon,photon,0,0.9610141515731812,0.007487576454877853,0.031187130138278008,0.9610141515731812,0.0003111553960479796,0,0,0.022491885349154472,0.7809543609619141,TN,6,6,21.153776168823242,5.186470031738281,2,1.511885643005371,461.26776123046875,17.042816162109375,4.110959053039551,0.0
967007,52145,1,photon,muon,0,0.6097787618637085,0.6097787618637085,0.26808977127075195,0.11574351042509079,0.00638795830309391,0,0,0.1608777791261673,0.7809543609619141,TN,5,4,20.08963394165039,7.385691165924072,2,2.1485366821289062,643.3818359375,0.1629789173603058,19.926652908325195,0.0
829106,44727,1,electron,muon,0,0.7119750380516052,0.7119750380516052,0.2513929605484009,0.03495744243264198,0.0016746347537264228,0,0,0.10640276223421097,0.7809543609619141,TN,4,4,21.493915557861328,10.751419067382812,1,0.20261383056640625,103.6114730834961,21.493915557861328,0.0,0.0
805633,43414,1,muon,electron,0,0.5703133344650269,0.4220854640007019,0.5703133344650269,0.00301586976274848,0.004585352260619402,0,0,4.188589082332328e-05,0.7809543609619141,TN,8,8,44.51141357421875,11.449272155761719,2,1.8416213989257812,544.7572631835938,16.602134704589844,27.909278869628906,0.0
147497,8028,1,muon,electron,0,0.6292057633399963,0.27111902832984924,0.6292057633399963,0.0944981575012207,0.00517697399482131,0,0,0.5843978524208069,0.7809543609619141,TN,6,5,19.774272918701172,7.240720748901367,2,2.179117202758789,747.150390625,0.0,0.007279015611857176,19.76699447631836
604880,32659,1,electron,muon,0,0.5492613911628723,0.5492613911628723,0.34932202100753784,0.08576225489377975,0.015654336661100388,0,0,0.03938139230012894,0.7809543609619141,TN,5,4,23.33370590209961,8.255273818969727,1,0.6216583251953125,164.31236267089844,0.0,0.0,23.33370590209961
423229,22807,1,electron,muon,0,0.5315378308296204,0.5315378308296204,0.3707454204559326,0.05519269034266472,0.04252409562468529,0,0,0.14949770271778107,0.7809543609619141,TN,4,4,17.837074279785156,13.52982234954834,1,0.2610740661621094,93.24856567382812,0.0,0.0,17.837074279785156
897861,48334,1,muon,electron,0,0.45223546028137207,0.42738068103790283,0.45223546028137207,0.1144525408744812,0.005931260529905558,0,0,0.005747466813772917,0.7809543609619141,TN,4,4,40.352256774902344,33.83114242553711,1,0.126190185546875,62.75654602050781,0.0,0.0,40.35226058959961
69387,3827,1,electron,photon,0,0.5076998472213745,0.06225394085049629,0.42916953563690186,0.5076998472213745,0.0008766833925619721,0,1,0.9523062705993652,0.7809543609619141,FP,15,8,69.44465637207031,16.17682456970215,2,3.969977855682373,789.658935546875,0.0,45.434600830078125,24.010053634643555
65822,3642,1,muon,proton,0,0.5347751379013062,0.4632492661476135,0.0016924621304497123,0.00028314918745309114,0.5347751379013062,0,0,5.456928920466453e-05,0.7809543609619141,TN,12,12,70.99799346923828,12.752476692199707,3,3.652553081512451,1091.7015380859375,32.71405792236328,19.28309440612793,19.000843048095703
101507,5518,1,muon,photon,0,0.79449063539505,0.19508720934391022,0.010229616425931454,0.79449063539505,0.0001925093529280275,0,0,0.01782992295920849,0.7809543609619141,TN,6,6,31.207353591918945,12.20608901977539,2,2.8770790100097656,756.5684814453125,0.0,25.52280616760254,5.68454647064209
96346,5255,1,photon,muon,0,0.7879831790924072,0.7879831790924072,0.20741528272628784,0.0044775293208658695,0.00012406293535605073,1,0,0.0009914577240124345,0.7809543609619141,FN,16,10,113.36480712890625,18.598434448242188,2,3.6805286407470703,646.738037109375,70.55534362792969,42.80945587158203,0.0
72530,4024,1,electron,muon,0,0.5517001152038574,0.5517001152038574,0.34350427985191345,0.09220840781927109,0.01258715521544218,0,0,0.39899682998657227,0.7809543609619141,TN,4,4,12.925155639648438,5.310642719268799,1,0.2171006202697754,47.629920959472656,0.0,12.925155639648438,0.0
564938,30436,1,muon,electron,0,0.49898412823677063,0.4078833758831024,0.49898412823677063,0.09132359176874161,0.0018088249489665031,0,0,0.5072433352470398,0.7809543609619141,TN,5,4,19.41216278076172,8.30084228515625,2,1.70892333984375,917.3213500976562,19.26314926147461,0.14901167154312134,0.0
208310,11278,1,muon,photon,0,0.47929292917251587,0.3847115635871887,0.1356659233570099,0.47929292917251587,0.00032963271951302886,0,0,0.7304207682609558,0.7809543609619141,TN,5,4,21.005138397216797,9.476524353027344,1,0.48802757263183594,182.859619140625,0.0,21.005138397216797,0.0
270742,14617,1,photon,muon,0,0.6639169454574585,0.6639169454574585,0.2794097363948822,0.05559815093874931,0.0010751598747447133,1,0,0.15262112021446228,0.7809543609619141,FN,5,4,29.494932174682617,23.871517181396484,1,0.9051628112792969,103.19921112060547,29.494932174682617,0.0,0.0
993988,53628,1,electron,muon,0,0.5820148587226868,0.5820148587226868,0.27216923236846924,0.11003302037715912,0.03578291833400726,0,0,0.44776204228401184,0.7809543609619141,TN,4,4,24.38287353515625,11.927793502807617,1,0.41771697998046875,102.34662628173828,0.0,0.0,24.38287353515625
154134,8400,1,muon,proton,0,0.39160045981407166,0.33972445130348206,0.13749796152114868,0.13117718696594238,0.39160045981407166,0,0,0.19772231578826904,0.7809543609619141,TN,4,4,43.601566314697266,15.441625595092773,1,0.2692594528198242,96.10174560546875,0.0,43.601566314697266,0.0
585673,31566,1,muon,photon,0,0.6997891664505005,0.14176812767982483,0.1366938054561615,0.6997891664505005,0.02174890972673893,0,0,0.010825905948877335,0.7809543609619141,TN,5,4,19.586681365966797,8.460311889648438,2,1.5585861206054688,467.1507263183594,17.244461059570312,2.342219591140747,0.0
292343,15817,1,electron,muon,0,0.43572527170181274,0.43572527170181274,0.42245498299598694,0.11664614081382751,0.025173617526888847,0,0,0.5497362017631531,0.7809543609619141,TN,6,4,27.426450729370117,9.285280227661133,1,1.061849594116211,255.29278564453125,0.0,0.0,27.426450729370117
471657,25417,1,electron,muon,0,0.5983129143714905,0.5983129143714905,0.24165275692939758,0.034640610218048096,0.12539373338222504,0,0,0.44407016038894653,0.7809543609619141,TN,4,4,19.79176139831543,7.754941940307617,1,0.2970237731933594,103.5377426147461,0.0,0.0,19.79176139831543
19164,1052,1,muon,photon,0,0.6141923666000366,0.35779449343681335,0.026418333873152733,0.6141923666000366,0.0015947938663884997,0,0,0.002603587694466114,0.7809543609619141,TN,6,5,31.07917594909668,9.53467845916748,2,1.5311214923858643,430.65631103515625,22.41006851196289,8.669107437133789,0.0
544407,29314,1,muon,photon,0,0.5707120895385742,0.18751215934753418,0.1299208551645279,0.5707120895385742,0.11185486614704132,0,1,0.8600032329559326,0.7809543609619141,FP,4,4,29.81926918029785,16.603282928466797,1,0.19295883178710938,44.98042297363281,0.0,29.81926918029785,0.0
188848,10272,1,muon,electron,0,0.6421002149581909,0.3277452886104584,0.6421002149581909,0.02533346600830555,0.004820957314223051,0,0,0.7329661846160889,0.7809543609619141,TN,4,4,18.956470489501953,7.813792705535889,1,0.3082427978515625,84.79327392578125,0.0,0.0,18.956470489501953
53593,2986,1,muon,electron,0,0.5747275352478027,0.41373133659362793,0.5747275352478027,0.006556067615747452,0.004985092207789421,0,0,0.6877788305282593,0.7809543609619141,TN,5,4,26.001327514648438,11.371504783630371,2,3.262409210205078,926.6748046875,0.0,0.4207441210746765,25.580583572387695
442194,23809,1,electron,muon,0,0.5898773670196533,0.5898773670196533,0.30772170424461365,0.09860792756080627,0.003793062176555395,0,0,0.03609339892864227,0.7809543609619141,TN,7,5,34.03022766113281,11.068078994750977,2,2.0154151916503906,519.7713623046875,22.675384521484375,11.354842185974121,0.0
358868,19370,1,electron,photon,0,0.7381526827812195,0.061427339911460876,0.1433916836977005,0.7381526827812195,0.05702829360961914,0,0,0.29807227849960327,0.7809543609619141,TN,5,4,26.031635284423828,8.920331954956055,1,0.5129642486572266,128.33294677734375,0.0,0.0,26.031635284423828
389761,20998,1,photon,muon,0,0.7966520190238953,0.7966520190238953,0.19289153814315796,0.007479086052626371,0.0029774231370538473,0,0,0.325817734003067,0.7809543609619141,TN,4,4,22.4578857421875,8.82345199584961,1,0.2795257568359375,88.30950927734375,0.0,0.0,22.4578857421875
456541,24566,1,muon,electron,0,0.9193152189254761,0.03757432848215103,0.9193152189254761,0.04307139292359352,3.897795977536589e-05,0,1,0.8860825300216675,0.7809543609619141,FP,8,5,18.81710433959961,10.2918119430542,1,3.606739044189453,492.7059631347656,0.0,0.0,18.817106246948242
455612,24512,1,muon,electron,0,0.5465940237045288,0.41287410259246826,0.5465940237045288,0.03871086239814758,0.0018210167763754725,0,0,0.5736820697784424,0.7809543609619141,TN,4,4,16.444860458374023,6.903604507446289,1,0.23246383666992188,75.82599639892578,0.0,0.0,16.44485855102539
820915,44243,1,electron,muon,0,0.6391205787658691,0.6391205787658691,0.3106679916381836,0.03731737658381462,0.012894040904939175,0,0,0.24453458189964294,0.7809543609619141,TN,4,4,15.213373184204102,6.2431559562683105,1,0.277313232421875,74.728515625,0.0,0.0,15.213373184204102
773963,41686,1,photon,muon,0,0.500677764415741,0.500677764415741,0.2380930781364441,0.26035836338996887,0.0008707629749551415,1,0,0.6105753183364868,0.7809543609619141,FN,6,5,19.717201232910156,7.745206356048584,2,1.9759292602539062,601.3352661132812,3.014989137649536,16.702213287353516,0.0
837859,45238,1,electron,muon,0,0.7469552159309387,0.7469552159309387,0.20456069707870483,0.04346725717186928,0.005016809329390526,1,0,0.5477374196052551,0.7809543609619141,FN,11,8,60.22114944458008,22.728084564208984,3,4.093955993652344,1193.96435546875,0.046653229743242264,41.45915603637695,18.71533966064453
475922,25630,1,muon,electron,0,0.529441237449646,0.40820905566215515,0.529441237449646,0.020547956228256226,0.04180173948407173,0,0,0.5811824202537537,0.7809543609619141,TN,4,4,18.679744720458984,9.828571319580078,1,0.18490219116210938,39.67534255981445,0.0,0.0,18.679744720458984
702230,37980,1,photon,electron,0,0.8598199486732483,0.00469817453995347,0.8598199486732483,0.1354757398366928,6.169572770886589e-06,0,1,0.9168786406517029,0.7809543609619141,FP,6,4,8.051992416381836,3.8148748874664307,1,1.2127037048339844,315.38885498046875,0.0,0.0,8.051992416381836
852393,45981,1,electron,muon,0,0.6590690016746521,0.6590690016746521,0.25061410665512085,0.03458074480295181,0.055736079812049866,1,0,0.26726025342941284,0.7809543609619141,FN,4,4,21.464096069335938,10.986650466918945,1,0.1988372802734375,91.57561492919922,0.0,0.0,21.464096069335938
395271,21326,1,electron,muon,0,0.6349562406539917,0.6349562406539917,0.33168330788612366,0.031281549483537674,0.002078925259411335,0,0,0.10072255879640579,0.7809543609619141,TN,4,4,22.272396087646484,10.225330352783203,1,0.27658843994140625,71.99549865722656,0.0,0.0,22.272396087646484
310963,16794,1,electron,muon,0,0.5077179670333862,0.5077179670333862,0.4848223626613617,0.0023468814324587584,0.005112713202834129,0,0,0.0038280843291431665,0.7809543609619141,TN,4,4,16.02694320678711,7.1272430419921875,1,0.20313262939453125,56.988765716552734,16.02694320678711,0.0,0.0
85668,4715,1,electron,muon,0,0.7228661179542542,0.7228661179542542,0.2043558806180954,0.07244834303855896,0.00032962908153422177,0,0,0.06338728219270706,0.7809543609619141,TN,4,4,15.22407341003418,5.940057754516602,1,0.1850590705871582,70.4396743774414,15.22407341003418,0.0,0.0
847182,45722,1,electron,photon,0,0.8639065623283386,0.002370089991018176,0.1337200552225113,0.8639065623283386,3.242265393055277e-06,1,1,0.9486804008483887,0.7809543609619141,TP,15,5,37.04997634887695,11.88340950012207,2,2.8304824829101562,791.0390014648438,10.939187049865723,26.11079216003418,0.0
408621,22034,1,photon,electron,0,0.8291845321655273,0.007870035246014595,0.8291845321655273,0.16292649507522583,1.8940972950076684e-05,0,1,0.8993843197822571,0.7809543609619141,FP,6,4,6.955356597900391,3.0501580238342285,1,1.9635429382324219,280.1686706542969,0.0,0.0,6.955356597900391
352078,19017,1,muon,proton,0,0.7721600532531738,0.2183489352464676,0.009459556080400944,3.14714816340711e-05,0.7721600532531738,0,0,0.0026415572501719,0.7809543609619141,TN,5,5,40.71153259277344,14.41024398803711,2,2.162282943725586,639.4528198242188,0.0,7.041908264160156,33.66962432861328
627122,33897,1,muon,electron,0,0.901975154876709,0.09289460629224777,0.901975154876709,0.003930480219423771,0.001199717982672155,0,1,0.9210690855979919,0.7809543609619141,FP,6,4,21.671112060546875,10.944974899291992,2,3.1191062927246094,785.8571166992188,0.0,0.10963009297847748,21.561481475830078
102478,5566,1,proton,muon,0,0.721580445766449,0.721580445766449,0.22126388549804688,0.05218464508652687,0.0049709840677678585,1,0,0.16403698921203613,0.7809543609619141,FN,4,4,21.41180419921875,9.258245468139648,1,0.27956104278564453,66.7839584350586,0.0,21.41180419921875,0.0
634762,34277,1,photon,electron,0,0.6053193807601929,0.38834062218666077,0.6053193807601929,0.004127108491957188,0.002212935360148549,0,0,0.49935686588287354,0.7809543609619141,TN,6,5,32.49343490600586,21.035207748413086,1,2.882678985595703,324.5516662597656,0.0,0.0,32.49343490600586
63382,3507,1,photon,electron,0,0.8400041460990906,0.018219422549009323,0.8400041460990906,0.14164690673351288,0.0001295743859373033,0,0,0.6871822476387024,0.7809543609619141,TN,7,5,20.58837127685547,9.064011573791504,1,2.202979564666748,342.1181640625,0.0,0.0,20.58837127685547
54790,3042,1,muon,electron,0,0.4850761890411377,0.46357104182243347,0.4850761890411377,0.02652531862258911,0.02482748031616211,0,0,0.45776131749153137,0.7809543609619141,TN,4,4,27.77474594116211,13.386548042297363,1,0.39704227447509766,138.82151794433594,0.0,0.0,27.77474594116211
412786,22248,1,electron,muon,0,0.5197293758392334,0.5197293758392334,0.4420241415500641,0.0344909206032753,0.0037556046154350042,0,0,0.10351647436618805,0.7809543609619141,TN,4,4,15.938233375549316,6.502382278442383,1,0.279266357421875,54.33006286621094,0.0,0.0,15.938233375549316
23002,1259,1,electron,muon,0,0.5958012938499451,0.5958012938499451,0.40158456563949585,0.0018045707838609815,0.0008095959201455116,0,0,0.05893082544207573,0.7809543609619141,TN,11,8,48.99105453491211,10.593182563781738,2,2.334120273590088,742.3590087890625,0.0,22.572065353393555,26.41897964477539
392496,21150,1,electron,muon,0,0.6844552755355835,0.6844552755355835,0.10902559012174606,0.1988864541053772,0.007632668595761061,0,0,0.058139823377132416,0.7809543609619141,TN,5,4,20.682519912719727,9.06616497039795,1,0.7100906372070312,162.75416564941406,20.682519912719727,0.0,0.0
17171,953,1,muon,electron,0,0.8112636208534241,0.18102136254310608,0.8112636208534241,0.007714640814810991,3.455888872849755e-07,0,0,0.23302409052848816,0.7809543609619141,TN,24,14,79.09728240966797,14.222321510314941,3,6.791487693786621,1397.375244140625,19.182348251342773,40.081260681152344,19.833677291870117
145927,7941,1,electron,muon,0,0.6977211236953735,0.6977211236953735,0.2897337079048157,0.0050834547728300095,0.007461727596819401,1,0,0.5542609691619873,0.7809543609619141,FN,4,4,18.02489471435547,6.539144992828369,1,0.21184253692626953,58.1429557800293,0.0,0.0,18.02489471435547
971761,52407,1,muon,electron,0,0.6344919800758362,0.336605042219162,0.6344919800758362,0.009551112540066242,0.0193518977612257,0,0,0.10882391780614853,0.7809543609619141,TN,4,4,17.836624145507812,14.117593765258789,1,0.29590606689453125,124.17013549804688,0.0,0.0,17.836624145507812
388714,20952,1,photon,electron,0,0.8423506021499634,0.1355167180299759,0.8423506021499634,0.022132378071546555,2.894698809541296e-07,0,0,0.5291905999183655,0.7809543609619141,TN,14,9,48.643001556396484,11.166654586791992,3,3.8324317932128906,1225.400634765625,0.9716847538948059,29.41901969909668,18.25229835510254
820746,44233,1,photon,muon,0,0.6944703459739685,0.6944703459739685,0.17920303344726562,0.12391600012779236,0.002410639077425003,0,0,0.11575450003147125,0.7809543609619141,TN,6,5,30.409137725830078,8.747169494628906,2,1.5247573852539062,490.3754577636719,27.0462703704834,3.362865924835205,0.0
289958,15664,1,electron,muon,0,0.7548653483390808,0.7548653483390808,0.1795465052127838,0.02022440731525421,0.045363783836364746,0,0,0.18419906497001648,0.7809543609619141,TN,4,4,22.905853271484375,9.180912017822266,1,0.2972526550292969,84.69488525390625,0.0,0.0,22.905853271484375
802233,43225,1,electron,muon,0,0.6950204968452454,0.6950204968452454,0.28860771656036377,0.007828393019735813,0.008543436415493488,0,0,0.1363239288330078,0.7809543609619141,TN,4,4,28.78302764892578,9.184643745422363,1,0.24886322021484375,92.44963836669922,0.0,0.0,28.78302764892578
75489,4161,1,photon,muon,0,0.7502791881561279,0.7502791881561279,0.19876737892627716,0.04952254518866539,0.0014309068210422993,0,0,2.859064807125833e-05,0.7809543609619141,TN,5,5,21.319103240966797,8.958662033081055,2,1.7889022827148438,528.2288818359375,20.259733200073242,1.0593698024749756,0.0
508249,27378,1,muon,electron,0,0.4962175786495209,0.2478351593017578,0.4962175786495209,0.2548901438713074,0.0010569964069873095,0,0,0.38951462507247925,0.7809543609619141,TN,6,4,18.44470977783203,6.124050140380859,1,3.3358078002929688,99.03495025634766,0.0,0.0,18.444711685180664
921948,49687,1,muon,electron,0,0.6436746120452881,0.31224021315574646,0.6436746120452881,0.04061568155884743,0.003469550283625722,0,0,0.48449620604515076,0.7809543609619141,TN,6,6,18.986982345581055,4.589473724365234,2,1.947021484375,551.9016723632812,0.0,2.071505069732666,16.915477752685547
288553,15585,1,electron,muon,0,0.6797444224357605,0.6797444224357605,0.28992676734924316,0.029419366270303726,0.0009094882989302278,0,0,0.006564258597791195,0.7809543609619141,TN,15,13,80.30409240722656,16.963953018188477,3,4.005319595336914,1190.486328125,44.0003662109375,18.037277221679688,18.266450881958008
528383,28497,1,electron,photon,0,0.991144597530365,0.0020429533906280994,0.0068116760812699795,0.991144597530365,7.167617468439857e-07,1,0,0.00029044647817499936,0.7809543609619141,FN,8,6,16.650306701660156,7.203882217407227,2,2.3330650329589844,686.6843872070312,8.272809028625488,8.377496719360352,0.0
100853,5484,1,proton,muon,0,0.9960060715675354,0.9960060715675354,0.0008547142497263849,0.00021581025794148445,0.00292342621833086,0,0,2.8319701073087344e-07,0.7809543609619141,TN,8,7,49.47305679321289,12.661595344543457,2,2.3488645553588867,643.9552612304688,24.772930145263672,24.70012855529785,0.0
759459,40952,1,photon,muon,0,0.4238302707672119,0.4238302707672119,0.21994534134864807,0.354958713054657,0.0012657102197408676,1,0,0.4642908275127411,0.7809543609619141,FN,5,4,17.002941131591797,6.438076972961426,1,0.7478790283203125,225.5150604248047,17.002941131591797,0.0,0.0
562480,30298,1,electron,muon,0,0.5636019706726074,0.5636019706726074,0.3963799774646759,0.033604372292757034,0.0064136260189116,0,0,0.09849338978528976,0.7809543609619141,TN,4,4,18.46519660949707,8.207173347473145,1,0.26166534423828125,85.68450164794922,0.0,0.0,18.46519660949707
595674,32122,1,photon,electron,0,0.38955387473106384,0.37611550092697144,0.38955387473106384,0.2288290411233902,0.005501574836671352,0,0,0.7235144376754761,0.7809543609619141,TN,5,4,13.879303932189941,5.271201133728027,2,1.6637802124023438,484.6000061035156,0.3696558177471161,13.509648323059082,0.0
231329,12517,1,photon,electron,0,0.5687505602836609,0.27464887499809265,0.5687505602836609,0.14091789722442627,0.01568262279033661,0,0,0.4390738606452942,0.7809543609619141,TN,6,5,21.165422439575195,9.771869659423828,2,2.9208526611328125,887.857421875,20.919042587280273,0.24637973308563232,0.0
885825,47701,1,muon,electron,0,0.7203735113143921,0.22267749905586243,0.7203735113143921,0.05022513121366501,0.006723903585225344,0,0,0.706537127494812,0.7809543609619141,TN,8,4,31.385967254638672,13.814215660095215,1,0.605743408203125,194.6826171875,0.0,0.0,31.38596534729004
402730,21732,1,muon,proton,0,0.9974507689476013,0.00238756719045341,0.00013035102165304124,3.1314120860770345e-05,0.9974507689476013,0,0,0.002646156819537282,0.7809543609619141,TN,5,5,64.86396789550781,28.717073440551758,1,734.4136352539062,121.32597351074219,0.0,0.0,64.86396789550781
398829,21520,1,muon,electron,0,0.7879098057746887,0.1825927495956421,0.7879098057746887,0.027941400185227394,0.0015559486346319318,0,1,0.8885504007339478,0.7809543609619141,FP,5,4,17.49770736694336,7.487871170043945,1,1.5656318664550781,240.06809997558594,0.0,0.0,17.49770736694336
113543,6139,1,photon,muon,0,0.5508557558059692,0.5508557558059692,0.10048859566450119,0.34737733006477356,0.0012782849371433258,0,0,0.19604569673538208,0.7809543609619141,TN,4,4,10.869176864624023,4.607045650482178,1,0.1293172836303711,64.65850830078125,10.869176864624023,0.0,0.0
709226,38346,1,electron,muon,0,0.7192550301551819,0.7192550301551819,0.1913827806711197,0.006400823127478361,0.08296144008636475,0,0,0.20872163772583008,0.7809543609619141,TN,4,4,27.425308227539062,20.209754943847656,1,0.163604736328125,69.51750183105469,0.0,0.0,27.425308227539062
643588,34764,1,electron,muon,0,0.9334776997566223,0.9334776997566223,0.06543150544166565,0.0005680375616066158,0.0005226803477853537,0,0,0.02223365195095539,0.7809543609619141,TN,12,8,90.34943389892578,23.757383346557617,3,4.223506927490234,1162.0352783203125,0.02512728050351143,62.366764068603516,27.957536697387695
147660,8038,1,muon,electron,0,0.5523675680160522,0.2716636657714844,0.5523675680160522,0.165376678109169,0.010592089034616947,0,0,0.6630382537841797,0.7809543609619141,TN,7,5,26.251291275024414,10.854182243347168,2,3.0457229614257812,742.7075805664062,0.0,0.9703448414802551,25.28094482421875
500468,26959,1,electron,muon,0,0.7133433818817139,0.7133433818817139,0.1993156224489212,0.08550792187452316,0.0018330657621845603,0,0,0.21830356121063232,0.7809543609619141,TN,4,4,18.060537338256836,6.879575252532959,1,0.24281692504882812,55.55311965942383,18.060537338256836,0.0,0.0
320825,17344,1,electron,photon,0,0.6376212239265442,0.011395703069865704,0.350974977016449,0.6376212239265442,8.104155313048977e-06,0,1,0.9552220106124878,0.7809543609619141,FP,12,4,19.508136749267578,6.894513130187988,2,4.450153350830078,665.7966918945312,0.40367448329925537,19.104461669921875,0.0
929688,50117,1,electron,muon,0,0.5117475390434265,0.5117475390434265,0.41610580682754517,0.07179567962884903,0.00035093087353743613,0,0,0.1513715237379074,0.7809543609619141,TN,4,4,15.140665054321289,9.335211753845215,1,0.1151275634765625,43.627620697021484,0.0,15.140665054321289,0.0
751423,40532,1,electron,muon,0,0.6317290663719177,0.6317290663719177,0.33174842596054077,0.027039052918553352,0.00948345847427845,0,0,0.16924947500228882,0.7809543609619141,TN,4,4,17.544309616088867,8.46667194366455,1,0.25008392333984375,67.17971801757812,0.0,0.0,17.544309616088867
277051,14960,1,muon,electron,0,0.39390110969543457,0.38230395317077637,0.39390110969543457,0.22238510847091675,0.0014098170213401318,0,0,0.35678157210350037,0.7809543609619141,TN,11,7,80.4343032836914,27.727684020996094,2,2.443784713745117,726.0658569335938,0.0,52.33326721191406,28.101032257080078
295735,15986,1,muon,electron,0,0.7345174551010132,0.08343145996332169,0.7345174551010132,0.18136674165725708,0.0006843155133537948,0,0,0.6817373633384705,0.7809543609619141,TN,9,4,45.25920867919922,15.865937232971191,2,3.442991256713867,770.8888549804688,0.0,0.12172038853168488,45.137489318847656
41110,2268,1,photon,muon,0,0.37228694558143616,0.37228694558143616,0.281169593334198,0.3204685151576996,0.026074904948472977,1,0,0.709079384803772,0.7809543609619141,FN,6,4,43.31395721435547,14.18125057220459,1,0.22614026069641113,113.763671875,43.31395721435547,0.0,0.0
979583,52847,1,muon,electron,0,0.5907734036445618,0.21909113228321075,0.5907734036445618,0.18529212474822998,0.004843334201723337,0,0,0.0010543675161898136,0.7809543609619141,TN,13,8,41.790260314941406,10.102782249450684,3,4.9183197021484375,1238.93896484375,21.16337013244629,19.463146209716797,1.163747787475586
488135,26332,1,electron,muon,0,0.6056362986564636,0.6056362986564636,0.39098766446113586,0.0024903782177716494,0.0008856425993144512,0,0,0.5404752492904663,0.7809543609619141,TN,5,5,20.58525848388672,10.225010871887207,2,2.0776138305664062,642.4359130859375,0.0,0.7329864501953125,19.852272033691406
510098,27496,1,photon,muon,0,0.6519178152084351,0.6519178152084351,0.1648101806640625,0.13450539112091064,0.048766590654850006,0,0,0.1413763165473938,0.7809543609619141,TN,9,8,50.6374397277832,12.072746276855469,2,2.1204071044921875,665.489501953125,0.0,23.851924896240234,26.78551483154297
706267,38198,1,photon,muon,0,0.5944965481758118,0.5944965481758118,0.32788869738578796,0.05962265655398369,0.017992090433835983,0,0,0.2327362596988678,0.7809543609619141,TN,6,5,53.895286560058594,16.514583587646484,2,2.4197235107421875,718.7999267578125,0.0,4.201849460601807,49.69343948364258
720907,38937,1,photon,electron,0,0.6926909685134888,0.2845415771007538,0.6926909685134888,0.022300975397229195,0.00046648120041936636,0,0,0.6844096183776855,0.7809543609619141,TN,4,4,12.5338773727417,4.915346145629883,1,0.12667465209960938,66.26663208007812,0.0,0.0,12.5338773727417
20716,1130,1,electron,muon,0,0.6924622654914856,0.6924622654914856,0.29212766885757446,0.0143669955432415,0.0010430635884404182,0,0,0.19903035461902618,0.7809543609619141,TN,4,4,18.98689842224121,13.445694923400879,1,0.10694003105163574,61.732887268066406,0.0,0.0,18.98689842224121
562683,30309,1,electron,muon,0,0.9241782426834106,0.9241782426834106,0.07474460452795029,0.0006367185269482434,0.0004405069339554757,0,0,0.03555584326386452,0.7809543609619141,TN,15,13,69.4942398071289,9.795642852783203,3,4.324634552001953,1308.0362548828125,27.495874404907227,20.39691162109375,21.6014461517334
715084,38640,1,photon,muon,0,0.987522304058075,0.987522304058075,0.006362841464579105,0.005306086502969265,0.0008088199538178742,1,0,0.0015364609425887465,0.7809543609619141,FN,8,8,44.76804733276367,11.310210227966309,2,1.9176559448242188,571.934814453125,22.995086669921875,21.772958755493164,0.0
162732,8858,1,electron,muon,0,0.844651460647583,0.844651460647583,0.09152333438396454,0.05671324580907822,0.007111985702067614,0,0,0.07940404862165451,0.7809543609619141,TN,9,8,51.80759048461914,17.646163940429688,2,1.9574661254882812,585.2058715820312,29.789987564086914,22.017601013183594,0.0
940250,50697,1,muon,electron,0,0.7518978118896484,0.1251574009656906,0.7518978118896484,0.12284423410892487,0.00010058240150101483,0,1,0.8070982694625854,0.7809543609619141,FP,6,4,20.302833557128906,6.589670181274414,1,1.5336074829101562,184.4447784423828,0.0,0.0,20.302833557128906
938497,50590,1,electron,muon,0,0.5945526957511902,0.5945526957511902,0.332285612821579,0.05589453876018524,0.01726718805730343,0,0,0.26795515418052673,0.7809543609619141,TN,5,4,23.11734962463379,6.3484578132629395,1,0.5439453125,228.83238220214844,0.0,0.0,23.11734962463379
183220,9946,1,photon,muon,0,0.6400244832038879,0.6400244832038879,0.33013513684272766,0.022977707907557487,0.00686261709779501,0,0,0.5269266366958618,0.7809543609619141,TN,4,4,17.785995483398438,6.186426639556885,1,0.1486530303955078,64.85542297363281,0.0,0.0,17.785995483398438
648641,35044,1,muon,electron,0,0.6066219210624695,0.33853626251220703,0.6066219210624695,0.05220244452357292,0.0026393572334200144,0,0,0.6273259520530701,0.7809543609619141,TN,5,4,20.447477340698242,7.163367748260498,1,1.1284332275390625,198.82498168945312,0.0,0.0,20.447477340698242
613583,33148,1,muon,electron,0,0.5550086498260498,0.4325031638145447,0.5550086498260498,0.009702608920633793,0.002785578602924943,0,0,0.009353751316666603,0.7809543609619141,TN,4,4,13.01959228515625,4.412906646728516,1,0.1826171875,69.83767700195312,0.0,0.0,13.01959228515625
63265,3501,1,muon,electron,0,0.7589948773384094,0.1395314484834671,0.7589948773384094,0.10106956213712692,0.00040408267523162067,0,0,0.7011346817016602,0.7809543609619141,TN,6,4,22.172086715698242,10.37857437133789,1,1.7680668830871582,142.15298461914062,0.0,0.0,22.17208480834961
980383,52890,1,electron,muon,0,0.5017893314361572,0.5017893314361572,0.4004293978214264,0.06833197921514511,0.02944927290081978,0,0,0.1881820410490036,0.7809543609619141,TN,4,4,18.815282821655273,8.152213096618652,1,0.24652862548828125,96.69615173339844,0.0,18.815282821655273,0.0
723530,39073,1,muon,photon,0,0.5436404347419739,0.3732452094554901,0.08185750246047974,0.5436404347419739,0.0012568789534270763,0,0,0.48571741580963135,0.7809543609619141,TN,4,4,17.803937911987305,10.036665916442871,1,0.3250541687011719,123.09993743896484,0.0,17.803937911987305,0.0
142087,7755,1,electron,muon,0,0.4022332429885864,0.4022332429885864,0.38633331656455994,0.20300371944904327,0.008429665118455887,0,0,0.4592076539993286,0.7809543609619141,TN,5,4,16.98111915588379,7.182461261749268,1,2.1970672607421875,179.05703735351562,0.0,0.0,16.981117248535156
152875,8334,1,electron,muon,0,0.5457487106323242,0.5457487106323242,0.08310693502426147,0.36772212386131287,0.003422276582568884,1,0,0.675584077835083,0.7809543609619141,FN,4,4,31.180072784423828,12.526992797851562,1,0.23479557037353516,89.0901107788086,0.0,31.180072784423828,0.0
964462,52014,1,photon,electron,0,0.9338528513908386,0.006513703614473343,0.9338528513908386,0.05963294208049774,4.3251984038761293e-07,1,1,0.9682856202125549,0.7809543609619141,TP,9,4,19.641036987304688,6.5114240646362305,2,2.073699951171875,570.5547485351562,19.209121704101562,0.4319148659706116,0.0
413542,22291,1,photon,muon,0,0.6082029342651367,0.6082029342651367,0.1836112141609192,0.18641583621501923,0.021769994869828224,1,0,0.3134975731372833,0.7809543609619141,FN,5,4,28.894641876220703,12.357523918151855,1,0.30004119873046875,163.8399200439453,0.0,28.894641876220703,0.0
354891,19156,1,photon,proton,0,0.7183592319488525,0.1333550065755844,0.102527916431427,0.045757874846458435,0.7183592319488525,0,0,0.710390567779541,0.7809543609619141,TN,5,5,73.27626037597656,37.22901153564453,1,0.5044937133789062,184.550048828125,0.0,0.0,73.27626037597656
946112,51024,1,muon,proton,0,0.9326822757720947,0.05225779861211777,0.012358224019408226,0.0027016368694603443,0.9326822757720947,0,0,0.43844011425971985,0.7809543609619141,TN,5,4,81.58474731445312,27.355762481689453,1,56.76383972167969,170.9583740234375,0.0,0.0,81.58474731445312
18437,1024,1,muon,photon,0,0.7266892194747925,0.049889516085386276,0.22341641783714294,0.7266892194747925,4.965019343217136e-06,0,1,0.9832131862640381,0.7809543609619141,FP,11,9,40.30961990356445,8.335426330566406,2,2.065481185913086,736.6105346679688,17.24436378479004,23.065258026123047,0.0
98594,5357,1,muon,electron,0,0.7821812629699707,0.2025481015443802,0.7821812629699707,0.0009160886984318495,0.014354565180838108,0,0,0.0003976772422902286,0.7809543609619141,TN,19,13,172.54022216796875,34.54316329956055,3,4.948566436767578,1288.2872314453125,57.728050231933594,86.45622253417969,28.355934143066406
944609,50940,1,electron,photon,0,0.6372787356376648,0.35543006658554077,0.007201286964118481,0.6372787356376648,8.997866098070517e-05,0,0,8.190455992007628e-05,0.7809543609619141,TN,6,5,35.489078521728516,12.375445365905762,2,1.6830825805664062,494.55133056640625,29.06112289428711,6.427955150604248,0.0
896530,48265,1,electron,muon,0,0.9880701899528503,0.9880701899528503,0.00755233783274889,1.795500793377869e-05,0.004359548911452293,0,0,5.828026041854173e-05,0.7809543609619141,TN,14,13,85.53558349609375,17.562711715698242,3,3.9156494140625,1221.8363037109375,38.752906799316406,28.19097328186035,18.591703414916992
371808,20033,1,electron,muon,0,0.540654718875885,0.540654718875885,0.11502771079540253,0.020256713032722473,0.3240608870983124,0,0,0.35599184036254883,0.7809543609619141,TN,5,4,47.90052795410156,17.194433212280273,1,2.112102508544922,416.6713562011719,0.0,0.0,47.90052795410156
625095,33793,1,electron,muon,0,0.7279312610626221,0.7279312610626221,0.23484377562999725,0.036825310438871384,0.00039967033080756664,0,0,0.026556743308901787,0.7809543609619141,TN,4,4,12.009931564331055,5.363735198974609,1,0.17173385620117188,78.6212387084961,0.0,12.009931564331055,0.0
72851,4041,1,muon,proton,0,0.69120854139328,0.29010429978370667,0.017414972186088562,0.0012721645180135965,0.69120854139328,0,0,0.005203924607485533,0.7809543609619141,TN,5,5,36.02793884277344,12.851025581359863,2,2.2614388465881348,692.0716552734375,0.0,12.851025581359863,23.17691421508789
331387,17906,1,electron,muon,0,0.7462080121040344,0.7462080121040344,0.2256166785955429,0.0034313800279051065,0.02474394254386425,1,0,0.10376915335655212,0.7809543609619141,FN,5,5,20.149734497070312,8.069231986999512,1,1.4721622467041016,284.9320373535156,0.0,0.0,20.149734497070312
553047,29749,1,proton,muon,0,0.9758601188659668,0.9758601188659668,0.014159479178488255,0.0026734282728284597,0.007306917104870081,0,0,0.00018753706535790116,0.7809543609619141,TN,8,8,40.561302185058594,8.569892883300781,2,2.0061378479003906,574.9462280273438,21.435779571533203,19.12552261352539,0.0
632867,34193,1,electron,photon,0,0.5726272463798523,0.222970649600029,0.20432531833648682,0.5726272463798523,7.672192441532388e-05,1,1,0.8593544960021973,0.7809543609619141,TP,5,4,19.16815948486328,9.028640747070312,1,0.40343475341796875,91.32959747314453,0.0,19.168161392211914,0.0
607489,32799,1,electron,muon,0,0.6394296884536743,0.6394296884536743,0.3404279947280884,0.010929752141237259,0.009212512522935867,0,0,0.1701679676771164,0.7809543609619141,TN,4,4,14.003053665161133,8.511337280273438,1,0.24337387084960938,75.656494140625,0.0,0.0,14.003053665161133
639392,34540,1,muon,photon,0,0.6492895483970642,0.32538992166519165,0.02529170922935009,0.6492895483970642,2.8850430680904537e-05,0,0,0.5293728113174438,0.7809543609619141,TN,5,4,24.562774658203125,8.543168067932129,1,0.3510589599609375,90.63480377197266,24.562774658203125,0.0,0.0
964521,52021,1,electron,muon,0,0.5891883373260498,0.5891883373260498,0.3831433951854706,0.01895376667380333,0.008714434690773487,1,0,0.7556386590003967,0.7809543609619141,FN,6,5,23.492860794067383,7.434343338012695,3,3.9923858642578125,1128.988525390625,0.020907528698444366,0.8091386556625366,22.662813186645508
136783,7451,1,muon,electron,0,0.4853980243206024,0.4087691605091095,0.4853980243206024,0.1039331704378128,0.0018995845457538962,0,0,0.463742733001709,0.7809543609619141,TN,10,9,54.43401336669922,14.85491943359375,2,2.145472526550293,643.0154418945312,35.38356399536133,19.05044937133789,0.0
599704,32355,1,electron,muon,0,0.8315072059631348,0.8315072059631348,0.14844989776611328,0.004921405576169491,0.015121527947485447,0,0,0.1638961285352707,0.7809543609619141,TN,4,4,24.178699493408203,11.604446411132812,1,0.3745574951171875,111.21883392333984,0.0,0.0,24.178699493408203
510086,27495,1,electron,muon,0,0.8219119906425476,0.8219119906425476,0.06412092596292496,0.11110495775938034,0.0028621251694858074,0,0,0.07566773146390915,0.7809543609619141,TN,4,4,23.05181884765625,8.45284366607666,1,0.29931640625,84.3643798828125,23.05181884765625,0.0,0.0
81114,4472,1,muon,photon,0,0.5488466620445251,0.08576177805662155,0.36484581232070923,0.5488466620445251,0.0005457262159325182,0,1,0.9516715407371521,0.7809543609619141,FP,6,4,25.643722534179688,13.004390716552734,1,0.8983149528503418,194.69561767578125,25.643722534179688,0.0,0.0
460448,24791,1,photon,electron,0,0.9741588830947876,0.005250443704426289,0.9741588830947876,0.02058219350874424,8.469673957733903e-06,0,1,0.9522800445556641,0.7809543609619141,FP,9,5,16.857303619384766,6.595578193664551,2,4.4655609130859375,697.7687377929688,0.0,0.1876133382320404,16.669689178466797
862254,46484,1,electron,muon,0,0.9840041995048523,0.9840041995048523,0.015909511595964432,1.2188844266347587e-05,7.416383596137166e-05,0,0,0.0007103226380422711,0.7809543609619141,TN,10,9,62.84583282470703,18.303253173828125,3,3.8046035766601562,1133.8895263671875,3.473327398300171,40.5648307800293,18.80767250061035
983776,53063,1,electron,muon,0,0.7730227112770081,0.7730227112770081,0.21881277859210968,0.007912113331258297,0.00025239866226911545,1,0,0.3070537745952606,0.7809543609619141,FN,4,4,25.075477600097656,9.432126998901367,1,0.2918243408203125,108.8968734741211,0.0,0.0,25.075477600097656
779562,41965,1,muon,photon,0,0.8693504929542542,0.09046140313148499,0.0387069508433342,0.8693504929542542,0.0014811282744631171,0,0,0.00018724081746768206,0.7809543609619141,TN,6,5,26.403152465820312,9.491636276245117,2,1.8504638671875,529.4403686523438,18.738054275512695,7.665096759796143,0.0
905096,48725,1,muon,electron,0,0.7115073800086975,0.2839994430541992,0.7115073800086975,0.003741835942491889,0.0007513499585911632,0,0,0.6769512891769409,0.7809543609619141,TN,6,5,20.044696807861328,7.7146100997924805,2,2.0234451293945312,782.3956298828125,0.0,0.31401577591896057,19.730682373046875
391161,21076,1,electron,muon,0,0.9559031128883362,0.9559031128883362,0.04378500580787659,0.00025788566563278437,5.399090878199786e-05,0,0,0.0014558619586750865,0.7809543609619141,TN,10,8,38.98815155029297,8.010123252868652,2,3.8420028686523438,702.9684448242188,0.0,20.49970817565918,18.48844337463379
438414,23611,1,electron,muon,0,0.7085814476013184,0.7085814476013184,0.26078352332115173,0.0071325404569506645,0.023502519354224205,0,0,0.2356225550174713,0.7809543609619141,TN,4,4,18.932374954223633,6.163248062133789,1,0.24929046630859375,106.71234130859375,0.0,0.0,18.932374954223633
9882,550,1,muon,photon,0,0.49694696068763733,0.14093568921089172,0.3615753948688507,0.49694696068763733,0.0005419315421022475,0,1,0.8498657941818237,0.7809543609619141,FP,5,4,26.38702392578125,9.48144817352295,1,0.19528889656066895,65.599365234375,0.0,26.387025833129883,0.0
658450,35600,1,electron,muon,0,0.7131106853485107,0.7131106853485107,0.24346764385700226,0.00904625654220581,0.0343753919005394,0,0,0.46100589632987976,0.7809543609619141,TN,4,4,18.85134506225586,6.574375629425049,1,0.275604248046875,95.64512634277344,0.0,0.0,18.85134506225586
450904,24237,1,muon,photon,0,0.7799692749977112,0.17721904814243317,0.04281079024076462,0.7799692749977112,8.572831688979932e-07,0,0,0.22032929956912994,0.7809543609619141,TN,12,10,49.81573486328125,10.195682525634766,2,3.2871551513671875,697.9005126953125,29.150165557861328,20.665573120117188,0.0
606005,32715,1,electron,muon,0,0.8145246505737305,0.8145246505737305,0.028105372563004494,0.15669171512126923,0.0006782440468668938,0,0,0.39152026176452637,0.7809543609619141,TN,4,4,22.72937774658203,9.770776748657227,1,0.381134033203125,109.58454132080078,0.0,22.72937774658203,0.0
495720,26716,1,electron,muon,0,0.6704915761947632,0.6704915761947632,0.3052730858325958,0.021814260631799698,0.0024210545234382153,1,0,0.39993974566459656,0.7809543609619141,FN,4,4,18.69011116027832,6.958686351776123,1,0.23369598388671875,79.24160766601562,0.0,0.0,18.69011116027832
266997,14419,1,electron,muon,0,0.7308006286621094,0.7308006286621094,0.2382480949163437,0.019576625898480415,0.011374719440937042,0,0,0.3252086043357849,0.7809543609619141,TN,4,4,19.573768615722656,8.154990196228027,1,0.21905136108398438,53.31212615966797,0.0,0.0,19.573768615722656
826290,44553,1,muon,photon,0,0.8581543564796448,0.044973548501729965,0.09672538936138153,0.8581543564796448,0.00014669720258098096,0,1,0.9728983640670776,0.7809543609619141,FP,6,4,24.650070190429688,11.487751007080078,1,1.3478622436523438,192.77447509765625,24.650070190429688,0.0,0.0
954447,51470,1,electron,muon,0,0.7172590494155884,0.7172590494155884,0.25875529646873474,0.014852289110422134,0.00913332961499691,1,0,0.18162009119987488,0.7809543609619141,FN,4,4,18.79018783569336,7.2763671875,1,0.20159912109375,81.92672729492188,0.0,0.0,18.79018783569336
74230,4105,1,muon,proton,0,0.5731675624847412,0.28721538186073303,0.12646211683750153,0.013154973275959492,0.5731675624847412,0,0,0.6700193285942078,0.7809543609619141,TN,4,4,54.70419692993164,24.18674659729004,1,0.3326597213745117,96.14747619628906,0.0,0.0,54.70419692993164
226135,12231,1,photon,electron,0,0.9231658577919006,0.05013164505362511,0.9231658577919006,0.02356593683362007,0.003136485116556287,0,1,0.9247400164604187,0.7809543609619141,FP,7,4,26.828432083129883,12.258697509765625,1,1.8463096618652344,183.12242126464844,0.0,0.0,26.828432083129883
316235,17100,1,electron,photon,0,0.921212375164032,0.000640444690361619,0.07814685255289078,0.921212375164032,3.432297432937048e-07,1,1,0.86967533826828,0.7809543609619141,TP,11,4,6.5965986251831055,2.1616525650024414,1,5.422121047973633,701.8187255859375,0.0,6.5965986251831055,0.0
887591,47795,1,muon,electron,0,0.7581568956375122,0.20124325156211853,0.7581568956375122,0.04043643921613693,0.00016337937267962843,0,1,0.9085099101066589,0.7809543609619141,FP,15,11,70.39341735839844,12.314826011657715,3,3.777587890625,1185.3896484375,23.433597564697266,21.53350830078125,25.426311492919922
67985,3752,1,muon,photon,0,0.501272439956665,0.4946843087673187,0.004035872872918844,0.501272439956665,7.40892164685647e-06,0,0,0.0008284851792268455,0.7809543609619141,TN,6,6,24.376020431518555,9.492876052856445,2,2.3192334175109863,681.0162963867188,0.0,19.354328155517578,5.02169132232666
435110,23438,1,electron,muon,0,0.680846095085144,0.680846095085144,0.2864132821559906,0.019075343385338783,0.013665282167494297,1,0,0.3379771113395691,0.7809543609619141,FN,4,4,20.149749755859375,7.249763488769531,1,0.3040580749511719,105.83639526367188,0.0,0.0,20.149749755859375
802719,43258,1,electron,photon,0,0.9557419419288635,0.0015453080413863063,0.04271269962191582,0.9557419419288635,7.834656656768857e-08,0,1,0.9793441891670227,0.7809543609619141,FP,15,8,65.970703125,20.96116065979004,2,2.686767578125,683.6693725585938,34.16782760620117,31.802871704101562,0.0
942026,50800,1,photon,electron,0,0.5378455519676208,0.18863694369792938,0.5378455519676208,0.27339625358581543,0.00012124083878006786,1,0,0.5034293532371521,0.7809543609619141,FN,12,8,54.638648986816406,16.409082412719727,2,3.5882568359375,552.5747680664062,19.343612670898438,35.29503631591797,0.0
585914,31576,1,photon,proton,0,0.9378743767738342,0.020389767363667488,0.03055749088525772,0.011178383603692055,0.9378743767738342,0,0,0.11302542686462402,0.7809543609619141,TN,8,8,87.72048950195312,23.383331298828125,2,1.6949043273925781,513.5480346679688,59.443851470947266,28.27663230895996,0.0
122943,6695,1,muon,photon,0,0.7679599523544312,0.10559441894292831,0.125712588429451,0.7679599523544312,0.0007330227526836097,0,0,0.5103604197502136,0.7809543609619141,TN,6,5,17.191123962402344,7.507138252258301,2,1.5703182220458984,477.8612365722656,16.10944938659668,1.0816751718521118,0.0
837826,45236,1,electron,muon,0,0.6878961324691772,0.6878961324691772,0.27590128779411316,0.002141473116353154,0.03406114876270294,0,0,0.0011852934258058667,0.7809543609619141,TN,11,9,65.10309600830078,24.495634078979492,2,4.498542785644531,770.211181640625,0.0,46.12675857543945,18.976333618164062
448004,24096,1,photon,muon,0,0.5465459823608398,0.5465459823608398,0.22089877724647522,0.22798511385917664,0.004570072051137686,1,0,0.24409198760986328,0.7809543609619141,FN,4,4,13.932987213134766,6.800104141235352,1,0.204193115234375,40.91863250732422,13.932987213134766,0.0,0.0
449474,24159,1,electron,muon,0,0.7091708779335022,0.7091708779335022,0.2279415875673294,0.012605064548552036,0.050282515585422516,0,0,0.3709147274494171,0.7809543609619141,TN,4,4,23.520557403564453,12.856976509094238,1,0.23600006103515625,95.27200317382812,0.0,0.0,23.520557403564453
71566,3979,1,photon,muon,0,0.4290122985839844,0.4290122985839844,0.06105898320674896,0.41928598284721375,0.09064269810914993,0,0,0.5093353390693665,0.7809543609619141,TN,5,4,42.428714752197266,20.9088134765625,1,0.9727067947387695,171.76983642578125,42.428714752197266,0.0,0.0
769114,41433,1,electron,muon,0,0.461193710565567,0.461193710565567,0.45400166511535645,0.07970616221427917,0.005098492372781038,0,0,0.3792416453361511,0.7809543609619141,TN,5,4,20.30910301208496,9.729623794555664,1,0.5495834350585938,149.11587524414062,0.0,0.0,20.30910301208496
551276,29664,1,electron,muon,0,0.789871871471405,0.789871871471405,0.12362934648990631,0.08602730184793472,0.0004715727991424501,1,0,0.1806195080280304,0.7809543609619141,FN,4,4,17.483415603637695,9.148862838745117,1,0.31096649169921875,105.25164794921875,0.0,17.483417510986328,0.0
199978,10871,1,electron,photon,0,0.8162758946418762,0.08001662790775299,0.10369446128606796,0.8162758946418762,1.3084723832434975e-05,0,0,0.6948843002319336,0.7809543609619141,TN,7,6,28.059764862060547,8.217916488647461,2,1.5460891723632812,481.0699462890625,26.56982421875,1.4899406433105469,0.0
74370,4112,1,photon,muon,0,0.7427290678024292,0.7427290678024292,0.04259195551276207,0.21208196878433228,0.0025970409624278545,1,0,0.2514718472957611,0.7809543609619141,FN,4,4,34.367584228515625,18.916095733642578,1,0.19651317596435547,50.99772644042969,34.367584228515625,0.0,0.0
266015,14366,1,electron,muon,0,0.7837806344032288,0.7837806344032288,0.1900046467781067,0.010734129697084427,0.015480522997677326,0,0,0.2873355448246002,0.7809543609619141,TN,4,4,27.27117919921875,11.494918823242188,1,0.27581787109375,96.84738159179688,0.0,0.0,27.27117919921875
667396,36137,1,muon,photon,0,0.6443945169448853,0.19315221905708313,0.16022232174873352,0.6443945169448853,0.0022309173364192247,0,0,0.692022979259491,0.7809543609619141,TN,8,6,37.449378967285156,12.089533805847168,2,1.7820053100585938,548.2191162109375,13.932124137878418,23.517253875732422,0.0
7444,396,1,muon,photon,0,0.8544124960899353,0.008869207464158535,0.13671788573265076,0.8544124960899353,3.7604272051794396e-07,0,1,0.943450927734375,0.7809543609619141,FP,8,4,21.461254119873047,8.616558074951172,1,0.6058734655380249,237.29855346679688,0.0,21.461254119873047,0.0
688733,37266,1,muon,photon,0,0.8997452259063721,0.019685225561261177,0.04278942570090294,0.8997452259063721,0.03778008371591568,0,0,0.01194747444242239,0.7809543609619141,TN,6,6,20.348894119262695,8.207012176513672,2,0.5238189697265625,492.8612060546875,17.94090461730957,2.407989978790283,0.0
777369,41857,1,electron,proton,0,0.8162120580673218,0.1652885526418686,0.017834290862083435,0.0006650844588875771,0.8162120580673218,0,0,0.3226791322231293,0.7809543609619141,TN,4,4,60.71144104003906,23.969144821166992,1,0.36074066162109375,152.93267822265625,0.0,0.0,60.71144104003906
255280,13784,1,muon,photon,0,0.8096608519554138,0.1646779328584671,0.025650830939412117,0.8096608519554138,1.0435163858346641e-05,0,0,3.06348993035499e-05,0.7809543609619141,TN,5,5,23.818361282348633,12.424100875854492,2,2.674959182739258,713.4672241210938,0.0,15.904356956481934,7.914005279541016
725190,39151,1,muon,proton,0,0.6623382568359375,0.15302534401416779,0.07741747796535492,0.10721895098686218,0.6623382568359375,0,1,0.8043997287750244,0.7809543609619141,FP,4,4,26.81744384765625,9.991061210632324,1,0.1982574462890625,74.84535217285156,26.81744384765625,0.0,0.0
419169,22596,1,electron,muon,0,0.5806387066841125,0.5806387066841125,0.38445615768432617,0.015062689781188965,0.01984248496592045,1,0,0.5993461608886719,0.7809543609619141,FN,4,4,16.86032485961914,7.235414505004883,1,0.274932861328125,90.38746643066406,0.0,0.0,16.86032485961914
906128,48770,1,photon,muon,0,0.42434772849082947,0.42434772849082947,0.37426337599754333,0.05605495348572731,0.14533396065235138,0,0,0.20127899944782257,0.7809543609619141,TN,6,6,82.52622985839844,24.185209274291992,1,0.568328857421875,159.12686157226562,0.0,0.0,82.52622985839844
217063,11739,1,muon,electron,0,0.43371883034706116,0.25411564111709595,0.43371883034706116,0.2963676154613495,0.01579795405268669,0,0,0.2529464662075043,0.7809543609619141,TN,5,5,31.503440856933594,16.337587356567383,1,0.3542003631591797,115.73058319091797,0.0,0.0,31.503440856933594
24966,1375,1,muon,electron,0,0.6687277555465698,0.30409249663352966,0.6687277555465698,0.02714846469461918,3.122056295978837e-05,0,0,0.16844883561134338,0.7809543609619141,TN,10,9,40.24216842651367,11.66590404510498,3,3.5618720054626465,1032.1741943359375,2.7650535106658936,20.56340217590332,16.913711547851562
18139,1005,1,photon,proton,0,0.5422927141189575,0.001701685250736773,0.0015115325804799795,0.45449402928352356,0.5422927141189575,1,1,0.9989620447158813,0.7809543609619141,TP,4,4,41.43285369873047,13.940315246582031,1,0.22037732601165771,62.26041030883789,41.43285369873047,0.0,0.0
278428,15047,1,electron,muon,0,0.7376059293746948,0.7376059293746948,0.25418105721473694,0.004188874736428261,0.004024099092930555,0,0,0.16461260616779327,0.7809543609619141,TN,4,4,16.897199630737305,5.029472827911377,1,0.25307464599609375,64.30431365966797,0.0,0.0,16.897201538085938
115452,6248,1,muon,electron,0,0.6274213194847107,0.11197721213102341,0.6274213194847107,0.26034948229789734,0.0002519457193557173,0,0,0.08170710504055023,0.7809543609619141,TN,15,8,53.765750885009766,11.444520950317383,3,4.354160308837891,1319.725341796875,5.251686096191406,30.250804901123047,18.26325798034668
572887,30876,1,muon,photon,0,0.6351895332336426,0.3279353976249695,0.02883731573820114,0.6351895332336426,0.008037726394832134,0,1,0.8376413583755493,0.7809543609619141,FP,4,4,30.484718322753906,11.438152313232422,1,0.23678970336914062,101.95137023925781,0.0,30.484718322753906,0.0
539241,29044,1,muon,electron,0,0.977141797542572,0.012864390388131142,0.977141797542572,0.009991494007408619,2.317905455129221e-06,0,1,0.9634453654289246,0.7809543609619141,FP,10,4,20.094715118408203,8.494366645812988,2,4.568077087402344,702.3279418945312,0.0,0.2483915388584137,19.84632110595703
314497,16990,1,muon,photon,0,0.9480711221694946,0.027416488155722618,0.0010725818574428558,0.9480711221694946,0.023439856246113777,0,0,7.106208067853004e-05,0.7809543609619141,TN,6,6,30.195514678955078,9.964509010314941,2,1.6853904724121094,511.08428955078125,20.70781707763672,9.487696647644043,0.0
674918,36513,1,proton,photon,0,0.5228435397148132,0.3236987590789795,0.11115297675132751,0.5228435397148132,0.04230478033423424,0,1,0.7857285141944885,0.7809543609619141,FP,6,4,81.5491943359375,31.177980422973633,1,2.243927001953125,312.5985107421875,0.0,81.54918670654297,0.0
988736,53335,1,electron,muon,0,0.7386131286621094,0.7386131286621094,0.24666717648506165,0.010255908593535423,0.004463755991309881,0,0,0.03303276747465134,0.7809543609619141,TN,4,4,24.073789596557617,10.998042106628418,1,0.31696319580078125,83.63534545898438,0.0,0.0,24.073789596557617
659285,35655,1,electron,muon,0,0.7349672913551331,0.7349672913551331,0.22411490976810455,0.007882754318416119,0.033035021275281906,0,0,0.24632889032363892,0.7809543609619141,TN,5,4,27.767126083374023,14.50135612487793,1,0.5777664184570312,97.31202697753906,0.0,0.0,27.767126083374023
282758,15266,1,electron,muon,0,0.7648693323135376,0.7648693323135376,0.2334417700767517,0.0004930515424348414,0.0011959081748500466,0,0,0.22084057331085205,0.7809543609619141,TN,4,4,19.643993377685547,8.498291015625,1,0.18448257446289062,86.4237289428711,0.0,0.0,19.643993377685547
702387,37993,1,muon,photon,0,0.4840972125530243,0.3899616599082947,0.12077584117650986,0.4840972125530243,0.005165239796042442,0,1,0.7841605544090271,0.7809543609619141,FP,4,4,30.152448654174805,15.751201629638672,1,0.3959236145019531,118.33423614501953,0.0,30.152450561523438,0.0
836233,45138,1,electron,muon,0,0.49958550930023193,0.49958550930023193,0.13408419489860535,0.06016836687922478,0.30616191029548645,0,0,0.3787200152873993,0.7809543609619141,TN,5,5,42.17966842651367,11.498859405517578,1,0.692840576171875,188.78695678710938,0.0,0.0,42.17966842651367
512691,27646,1,photon,muon,0,0.6339414715766907,0.6339414715766907,0.32053273916244507,0.041194237768650055,0.004331573378294706,0,0,0.25855377316474915,0.7809543609619141,TN,4,4,12.69759464263916,4.801816463470459,1,0.11449813842773438,62.3956413269043,0.0,0.0,12.697595596313477
653981,35370,1,photon,electron,0,0.9559969305992126,0.004768996965140104,0.9559969305992126,0.03922847658395767,5.615105237666285e-06,0,1,0.9912189841270447,0.7809543609619141,FP,14,7,23.433143615722656,6.2362236976623535,3,5.256866455078125,1239.240234375,2.2182259559631348,7.279730796813965,13.935186386108398
738422,39835,1,photon,muon,0,0.7783874273300171,0.7783874273300171,0.1281309276819229,0.0751730427145958,0.018308598548173904,0,0,0.08673735707998276,0.7809543609619141,TN,4,4,26.091400146484375,11.936725616455078,1,0.1151123046875,69.1572494506836,26.091400146484375,0.0,0.0
873990,47125,1,muon,photon,0,0.8570691347122192,0.05308985337615013,0.08984021097421646,0.8570691347122192,7.433026780745422e-07,0,1,0.8437331914901733,0.7809543609619141,FP,9,6,25.560707092285156,8.353639602661133,2,3.5020980834960938,717.3533325195312,5.357819080352783,20.20288848876953,0.0
631016,34091,1,muon,photon,0,0.5081644654273987,0.43124568462371826,0.0581987164914608,0.5081644654273987,0.0023911192547529936,0,1,0.8274164199829102,0.7809543609619141,FP,4,4,25.180103302001953,8.409499168395996,1,0.275787353515625,66.70796203613281,25.180103302001953,0.0,0.0
794904,42807,1,electron,muon,0,0.6891562342643738,0.6891562342643738,0.29173025488853455,0.012651560828089714,0.006462038028985262,0,0,0.4014129042625427,0.7809543609619141,TN,4,4,28.767732620239258,12.880688667297363,1,0.2887420654296875,89.55238342285156,0.0,0.0,28.767732620239258
789851,42531,1,electron,muon,0,0.660291850566864,0.660291850566864,0.2393849939107895,0.044752828776836395,0.05557026341557503,0,0,0.03659100458025932,0.7809543609619141,TN,4,4,18.46834945678711,7.796828269958496,1,0.29006195068359375,62.71553039550781,0.0,0.0,18.46834945678711
433632,23354,1,muon,electron,0,0.735603928565979,0.2641499638557434,0.735603928565979,0.00022895610891282558,1.7063784980564378e-05,0,0,0.008636560291051865,0.7809543609619141,TN,18,12,89.87901306152344,12.984943389892578,3,4.404510498046875,1198.8145751953125,22.124862670898438,46.41965103149414,21.33450698852539
347578,18784,1,electron,muon,0,0.5224687457084656,0.5224687457084656,0.4389753043651581,0.03216306120157242,0.006392903625965118,0,0,0.3835747539997101,0.7809543609619141,TN,5,4,32.43614959716797,12.73277473449707,1,1.2552852630615234,135.46449279785156,0.0,0.0,32.43614959716797
204812,11092,1,electron,muon,0,0.6749300360679626,0.6749300360679626,0.31940940022468567,0.003974320832639933,0.0016862391494214535,0,0,0.21619915962219238,0.7809543609619141,TN,5,4,22.32342529296875,8.940435409545898,1,0.9228897094726562,96.11360931396484,0.0,0.0,22.32342529296875
792176,42657,1,photon,electron,0,0.5133060812950134,0.46579238772392273,0.5133060812950134,0.018997203558683395,0.0019043524516746402,0,0,0.6603151559829712,0.7809543609619141,TN,7,5,51.58226013183594,32.93858337402344,1,1.3899688720703125,231.32473754882812,0.0,0.0,51.58226013183594
671266,36343,1,photon,muon,0,0.44219642877578735,0.44219642877578735,0.22055324912071228,0.3369901180267334,0.0002602508757263422,1,0,0.676427960395813,0.7809543609619141,FN,7,5,38.27192687988281,18.793289184570312,2,2.170166015625,579.02783203125,38.24904251098633,0.02288384921848774,0.0
428397,23065,1,electron,muon,0,0.9066444635391235,0.9066444635391235,0.08493544161319733,0.0004285657196305692,0.007991629652678967,1,0,0.0026022803504019976,0.7809543609619141,FN,5,4,20.220840454101562,8.510566711425781,2,2.549549102783203,703.5184326171875,0.0,2.075718402862549,18.145122528076172
401094,21638,1,electron,muon,0,0.9613975286483765,0.9613975286483765,0.03243677690625191,0.004727470688521862,0.0014382745139300823,0,0,0.00022624294797424227,0.7809543609619141,TN,9,8,51.31984329223633,9.674763679504395,2,1.9800033569335938,664.1724853515625,28.482078552246094,22.83776092529297,0.0
766867,41307,1,electron,muon,0,0.7287459969520569,0.7287459969520569,0.19939085841178894,0.0076502179726958275,0.06421290338039398,0,0,0.12527282536029816,0.7809543609619141,TN,4,4,20.820322036743164,8.779178619384766,1,0.27227020263671875,116.85576629638672,0.0,0.0,20.820322036743164
812987,43809,1,muon,photon,0,0.7073203921318054,0.03914008289575577,0.25325849652290344,0.7073203921318054,0.00028092885622754693,0,1,0.8382827043533325,0.7809543609619141,FP,6,4,19.538375854492188,9.55334758758545,1,3.0531005859375,343.5054931640625,0.0,19.538375854492188,0.0
128260,6965,1,muon,photon,0,0.6496871113777161,0.2087782621383667,0.14150971174240112,0.6496871113777161,2.4924711397034116e-05,0,1,0.880744993686676,0.7809543609619141,FP,5,4,16.237117767333984,7.363503456115723,2,1.206338882446289,544.9518432617188,16.135860443115234,0.10125792771577835,0.0
596620,32183,1,photon,muon,0,0.46999451518058777,0.46999451518058777,0.15251679718494415,0.377488374710083,2.536048953061254e-07,0,0,0.0036738005001097918,0.7809543609619141,TN,6,5,12.81778335571289,4.082590103149414,2,2.2040443420410156,639.7210083007812,0.0,10.194207191467285,2.6235761642456055
730891,39448,1,muon,electron,0,0.5020288825035095,0.4090999960899353,0.5020288825035095,0.08604789525270462,0.002823193557560444,0,0,0.35017862915992737,0.7809543609619141,TN,7,6,35.92251205444336,12.322306632995605,2,2.4627456665039062,744.472412109375,0.0,3.0491209030151367,32.873390197753906
94096,5144,1,photon,muon,0,0.7111247777938843,0.7111247777938843,0.19107498228549957,0.09401418268680573,0.0037860593292862177,1,0,0.06553573906421661,0.7809543609619141,FN,5,4,22.804180145263672,9.461238861083984,1,0.8421716690063477,179.51882934570312,0.0,22.804180145263672,0.0
67056,3707,1,electron,muon,0,0.7574285268783569,0.7574285268783569,0.1956106722354889,0.03156459331512451,0.015396129339933395,0,0,0.3499119281768799,0.7809543609619141,TN,4,4,23.192150115966797,8.308073997497559,1,0.26240968704223633,104.32862091064453,0.0,0.0,23.192150115966797
862865,46517,1,muon,photon,0,0.461664080619812,0.28921398520469666,0.24378740787506104,0.461664080619812,0.005334566347301006,0,0,0.009635458700358868,0.7809543609619141,TN,5,4,20.306556701660156,8.195562362670898,2,1.540496826171875,457.96209716796875,18.179019927978516,2.127534866333008,0.0
668150,36181,1,electron,muon,0,0.6219629049301147,0.6219629049301147,0.37102648615837097,0.006677551195025444,0.0003330314939375967,0,0,0.424187034368515,0.7809543609619141,TN,4,4,26.380464553833008,12.282744407653809,1,0.25223541259765625,86.15470123291016,0.0,0.0,26.380464553833008
731523,39489,1,muon,electron,0,0.6382030248641968,0.3041445016860962,0.6382030248641968,0.05207443982362747,0.005578110925853252,0,0,0.3820066452026367,0.7809543609619141,TN,5,4,18.326229095458984,9.410780906677246,2,2.463592529296875,697.0664672851562,0.0,0.31715476512908936,18.00907325744629
930704,50171,1,electron,muon,0,0.6160833239555359,0.6160833239555359,0.3442632257938385,0.026641370728611946,0.013012095354497433,0,0,0.5132555961608887,0.7809543609619141,TN,4,4,17.477230072021484,6.544760227203369,1,0.23614501953125,82.4976806640625,0.0,0.0,17.477230072021484
324797,17564,1,electron,muon,0,0.5842416882514954,0.5842416882514954,0.3810426890850067,0.0121625866740942,0.022553035989403725,0,0,0.7304549813270569,0.7809543609619141,TN,4,4,19.563533782958984,9.864151954650879,1,0.16585731506347656,54.63634490966797,0.0,0.0,19.563533782958984
934062,50358,1,photon,muon,0,0.7322285175323486,0.7322285175323486,0.21617236733436584,0.051351577043533325,0.0002475380024407059,1,0,0.0307740718126297,0.7809543609619141,FN,12,7,59.95982360839844,11.611000061035156,3,3.51678466796875,1155.6390380859375,24.412994384765625,35.506103515625,0.04072597995400429
389978,21015,1,electron,muon,0,0.6777427792549133,0.6777427792549133,0.3096267282962799,0.010459043085575104,0.002171505242586136,1,0,0.49352508783340454,0.7809543609619141,FN,4,4,24.740394592285156,13.162469863891602,1,0.34423065185546875,95.5711441040039,0.0,0.0,24.740394592285156
428898,23084,1,photon,muon,0,0.674660325050354,0.674660325050354,0.3026517331600189,0.017226986587047577,0.005460955668240786,0,0,0.47567248344421387,0.7809543609619141,TN,5,5,33.7457275390625,11.226396560668945,1,0.1904296875,66.3647232055664,0.0,0.0,33.7457275390625
55445,3082,1,muon,electron,0,0.9648407101631165,0.03134552761912346,0.9648407101631165,0.0037950114347040653,1.8752871255856007e-05,0,1,0.9403612017631531,0.7809543609619141,FP,13,8,35.01451110839844,5.70790433883667,2,4.776573657989502,803.4864501953125,0.0,17.271982192993164,17.74252700805664
681673,36878,1,muon,electron,0,0.5005692839622498,0.40314120054244995,0.5005692839622498,0.09605506807565689,0.00023442968085873872,0,0,0.010798550210893154,0.7809543609619141,TN,4,4,11.862472534179688,6.537957668304443,1,0.19452285766601562,50.83940887451172,11.862472534179688,0.0,0.0
672569,36409,1,electron,photon,0,0.9648193120956421,0.002136118710041046,0.0330410897731781,0.9648193120956421,3.5191530969314044e-06,0,1,0.9332623481750488,0.7809543609619141,FP,13,4,30.12175178527832,18.623672485351562,2,4.6153106689453125,854.4268188476562,0.5594391226768494,29.562313079833984,0.0
282242,15233,1,muon,photon,0,0.9124723076820374,0.031191974878311157,0.056254882365465164,0.9124723076820374,8.082675776677206e-05,0,1,0.9600882530212402,0.7809543609619141,FP,6,5,38.865882873535156,16.404808044433594,1,0.19356918334960938,81.48921203613281,38.865882873535156,0.0,0.0
266853,14409,1,muon,electron,0,0.8304116725921631,0.14908729493618011,0.8304116725921631,0.02007625624537468,0.00042478792602196336,0,1,0.8810627460479736,0.7809543609619141,FP,6,4,19.32655143737793,10.314779281616211,2,3.393674850463867,717.0617065429688,0.0,0.04198770970106125,19.284564971923828
847714,45755,1,electron,muon,0,0.798087477684021,0.798087477684021,0.18831412494182587,0.0011646877974271774,0.01243374403566122,1,0,0.2703705430030823,0.7809543609619141,FN,4,4,31.3651065826416,15.722773551940918,1,0.26470947265625,99.5987777709961,0.0,0.0,31.3651065826416
497377,26793,1,proton,muon,0,0.9156827330589294,0.9156827330589294,0.05132325738668442,0.03265292942523956,0.00034109322587028146,0,0,3.505783752189018e-05,0.7809543609619141,TN,7,7,54.931556701660156,19.651700973510742,2,4.059680938720703,760.7066040039062,0.0,27.511070251464844,27.420488357543945
549522,29571,1,muon,electron,0,0.8278977870941162,0.10206835716962814,0.8278977870941162,0.06960968673229218,0.0004241475835442543,0,0,0.6489742994308472,0.7809543609619141,TN,9,4,35.75044250488281,20.761268615722656,1,4.111179351806641,478.5979309082031,0.0,0.0,35.75044250488281
211764,11462,1,photon,muon,0,0.7167249917984009,0.7167249917984009,0.08962485194206238,0.18911516666412354,0.0045349737629294395,0,0,0.43770164251327515,0.7809543609619141,TN,4,4,36.409942626953125,16.373332977294922,1,0.2691669464111328,55.9426155090332,36.409942626953125,0.0,0.0
520334,28073,1,muon,photon,0,0.5840498208999634,0.4086092412471771,0.006736638490110636,0.5840498208999634,0.0006042973254807293,0,0,0.00019436153525020927,0.7809543609619141,TN,5,5,27.405126571655273,15.635712623596191,2,1.5825424194335938,483.269775390625,25.52436065673828,1.8807650804519653,0.0
761290,41050,1,muon,proton,0,0.5991816520690918,0.258078396320343,0.12633095681667328,0.016408994793891907,0.5991816520690918,0,0,0.14754807949066162,0.7809543609619141,TN,4,4,37.46709060668945,13.373672485351562,1,0.32955169677734375,137.41354370117188,0.0,0.0,37.46709060668945
546307,29404,1,electron,muon,0,0.5828364491462708,0.5828364491462708,0.37608277797698975,0.0347946397960186,0.006286070216447115,0,0,0.1749514788389206,0.7809543609619141,TN,19,15,99.2755126953125,18.76767921447754,3,4.011829376220703,1229.1856689453125,15.666230201721191,50.72010040283203,32.88917541503906
523141,28211,1,muon,electron,0,0.5328015089035034,0.4534091353416443,0.5328015089035034,0.009807266294956207,0.003982081543654203,0,0,0.012945692054927349,0.7809543609619141,TN,6,5,20.005233764648438,6.834921360015869,2,2.0066757202148438,617.4200439453125,0.0,16.41851806640625,3.586716413497925
688420,37245,1,muon,electron,0,0.9293020367622375,0.06684000790119171,0.9293020367622375,0.0038572868797928095,7.103676580300089e-07,0,0,0.1434478461742401,0.7809543609619141,TN,11,7,27.808231353759766,7.741744041442871,2,4.575824737548828,831.98681640625,0.0,16.700218200683594,11.108014106750488
79050,4364,1,muon,electron,0,0.5715633630752563,0.36293312907218933,0.5715633630752563,0.03551106154918671,0.029992522671818733,0,0,0.28873881697654724,0.7809543609619141,TN,6,4,39.37134552001953,20.41156005859375,1,1.9916682243347168,230.98812866210938,0.0,0.0,39.37134552001953
410329,22119,1,electron,muon,0,0.6325398683547974,0.6325398683547974,0.08507414162158966,0.002558645326644182,0.2798273265361786,1,0,0.0863460823893547,0.7809543609619141,FN,4,4,36.511592864990234,15.346073150634766,1,0.3044090270996094,90.46234893798828,0.0,0.0,36.511592864990234
4692,234,1,proton,muon,0,0.5112283229827881,0.5112283229827881,0.2791363298892975,0.09424188733100891,0.11539345979690552,0,0,0.06245575100183487,0.7809543609619141,TN,4,4,43.631370544433594,18.828306198120117,1,0.49877268075942993,69.79130554199219,0.0,0.0,43.631370544433594
526222,28375,1,muon,photon,0,0.869319498538971,0.09627457708120346,0.03389336168766022,0.869319498538971,0.0005124825984239578,0,0,0.007322944700717926,0.7809543609619141,TN,8,6,32.891727447509766,9.398308753967285,3,4.876842498779297,1124.190185546875,0.10656655579805374,24.72723960876465,8.057921409606934
639911,34567,1,electron,muon,0,0.6985217332839966,0.6985217332839966,0.25998198986053467,0.020546015352010727,0.020950276404619217,0,0,0.08138436079025269,0.7809543609619141,TN,4,4,40.769134521484375,14.124954223632812,1,0.5434532165527344,144.52261352539062,0.0,0.0,40.769134521484375
211928,11472,1,photon,muon,0,0.514405369758606,0.514405369758606,0.11265669018030167,0.366793692111969,0.006144220009446144,0,0,3.384727824595757e-05,0.7809543609619141,TN,5,5,19.06561279296875,5.858981609344482,2,1.513763427734375,477.6860046386719,15.806351661682129,3.2592620849609375,0.0
288969,15606,1,electron,muon,0,0.8379039168357849,0.8379039168357849,0.15856479108333588,0.002898851642385125,0.0006323512643575668,1,0,0.003179894993081689,0.7809543609619141,FN,19,14,114.73880004882812,27.48967933654785,3,5.913778305053711,1194.5533447265625,64.8988037109375,27.610124588012695,22.229869842529297
81370,4486,1,photon,muon,0,0.619874894618988,0.619874894618988,0.05254356563091278,0.30447331070899963,0.023108212277293205,0,0,0.0026716752909123898,0.7809543609619141,TN,5,5,31.18428611755371,10.661419868469238,2,1.5469331741333008,469.0325012207031,23.817508697509766,7.3667778968811035,0.0
623245,33670,1,muon,electron,0,0.7128927707672119,0.1801045835018158,0.7128927707672119,0.10690316557884216,9.939428855432197e-05,0,0,0.35554155707359314,0.7809543609619141,TN,13,8,46.96880340576172,12.883943557739258,2,4.874778747558594,660.9434814453125,22.738754272460938,24.23004913330078,0.0
143649,7842,1,muon,electron,0,0.8034002184867859,0.14245638251304626,0.8034002184867859,0.03746533393859863,0.016678083688020706,0,1,0.7828563451766968,0.7809543609619141,FP,6,4,20.678024291992188,9.226812362670898,1,0.9979696273803711,148.69412231445312,0.0,0.0,20.678024291992188
178347,9679,1,photon,muon,0,0.7889606952667236,0.7889606952667236,0.17252124845981598,0.03307725116610527,0.005440869834274054,0,0,0.006961059290915728,0.7809543609619141,TN,4,4,17.01363754272461,7.064209938049316,1,0.1452617645263672,65.7447280883789,17.01363754272461,0.0,0.0
560325,30174,1,electron,muon,0,0.9162986874580383,0.9162986874580383,0.06713779270648956,0.00033654726576060057,0.01622697152197361,0,0,5.736273578804685e-06,0.7809543609619141,TN,14,12,67.39852905273438,10.693851470947266,3,3.7351913452148438,1109.1795654296875,17.458606719970703,27.247753143310547,22.692171096801758
708662,38312,1,electron,muon,0,0.6685875058174133,0.6685875058174133,0.27796098589897156,0.02242090180516243,0.03103059157729149,0,0,0.23794369399547577,0.7809543609619141,TN,6,4,25.640241622924805,9.287130355834961,1,0.8031387329101562,203.56729125976562,0.0,0.0,25.640243530273438
38798,2140,1,photon,muon,0,0.6424508690834045,0.6424508690834045,0.06438294798135757,0.25725993514060974,0.03590625151991844,0,0,0.2996974289417267,0.7809543609619141,TN,4,4,27.605819702148438,9.411782264709473,1,0.11587715148925781,65.23222351074219,27.605819702148438,0.0,0.0
386098,20804,1,electron,muon,0,0.8096216320991516,0.8096216320991516,0.17371074855327606,0.009170741774141788,0.0074968645349144936,1,0,0.2568483054637909,0.7809543609619141,FN,4,4,25.63298225402832,9.518582344055176,1,0.3673515319824219,117.3254165649414,0.0,0.0,25.63298225402832
299966,16215,1,photon,muon,0,0.8033223152160645,0.8033223152160645,0.17641395330429077,0.006382820196449757,0.01388093177229166,0,0,0.11843471974134445,0.7809543609619141,TN,4,4,18.52005958557129,6.43550968170166,1,0.19333457946777344,95.98627471923828,0.0,0.0,18.52005958557129
92862,5088,1,electron,muon,0,0.6488582491874695,0.6488582491874695,0.32833993434906006,0.006915364880114794,0.015886463224887848,1,0,0.4475858807563782,0.7809543609619141,FN,4,4,18.62820053100586,8.043519973754883,1,0.1986250877380371,86.82518005371094,0.0,0.0,18.62820053100586
232890,12596,1,muon,electron,0,0.502440333366394,0.47482290863990784,0.502440333366394,0.017420468851923943,0.005316243972629309,0,0,0.6145553588867188,0.7809543609619141,TN,4,4,19.993030548095703,8.176102638244629,1,0.21888351440429688,88.78504943847656,0.0,0.0,19.993030548095703
151403,8249,1,muon,electron,0,0.5648139119148254,0.35744866728782654,0.5648139119148254,0.07677216827869415,0.000965291983447969,0,0,0.6133585572242737,0.7809543609619141,TN,4,4,20.866594314575195,10.047279357910156,1,0.29930591583251953,89.19258117675781,0.0,0.0,20.866594314575195
560994,30220,1,electron,photon,0,0.9989677667617798,7.358717539318604e-06,0.0010248078033328056,0.9989677667617798,2.2825403789283882e-09,0,1,0.9392663240432739,0.7809543609619141,FP,12,4,21.566293716430664,9.273719787597656,2,3.964141845703125,1212.854248046875,21.309160232543945,0.0,0.25713372230529785
46875,2596,1,electron,muon,0,0.6596224904060364,0.6596224904060364,0.3348322808742523,0.004221100360155106,0.0013240730622783303,0,0,0.31815677881240845,0.7809543609619141,TN,4,4,21.706018447875977,6.953698635101318,1,0.27628374099731445,106.51424407958984,0.0,0.0,21.706018447875977
118411,6418,1,muon,photon,0,0.792421281337738,0.2008654624223709,0.006685869302600622,0.792421281337738,2.7410085749579594e-05,0,0,4.496819747146219e-05,0.7809543609619141,TN,5,5,26.823265075683594,10.990706443786621,2,1.6126518249511719,486.30084228515625,20.808349609375,6.014914512634277,0.0
29935,1641,1,muon,photon,0,0.7158678770065308,0.19692496955394745,0.08674211800098419,0.7158678770065308,0.00046498674782924354,0,0,0.7423809766769409,0.7809543609619141,TN,4,4,21.27860450744629,8.228958129882812,1,0.3237471580505371,102.87240600585938,0.0,21.278602600097656,0.0
318963,17250,1,proton,muon,0,0.7774462699890137,0.7774462699890137,0.06576932966709137,0.0031524808146059513,0.15363191068172455,1,0,0.2554526627063751,0.7809543609619141,FN,4,4,42.734153747558594,18.52231216430664,1,0.3063392639160156,64.77743530273438,0.0,0.0,42.734153747558594
826457,44561,1,electron,muon,0,0.497579962015152,0.497579962015152,0.24245816469192505,0.25960734486579895,0.000354568415787071,1,0,0.12192095071077347,0.7809543609619141,FN,4,4,18.184450149536133,7.526580810546875,1,0.26737213134765625,59.526737213134766,0.0,18.184450149536133,0.0
699334,37826,1,muon,electron,0,0.6461561918258667,0.2998594343662262,0.6461561918258667,0.05392437055706978,5.993232116452418e-05,0,1,0.8467777371406555,0.7809543609619141,FP,4,4,17.817134857177734,8.019397735595703,1,0.21862411499023438,75.43899536132812,0.0,0.0,17.817134857177734
984892,53125,1,electron,photon,0,0.8749069571495056,0.022007793188095093,0.10285129398107529,0.8749069571495056,0.00023387388500850648,1,0,0.05777948722243309,0.7809543609619141,FN,6,4,11.637568473815918,5.017224311828613,3,3.8824462890625,1219.1807861328125,7.56982421875,0.22614407539367676,3.841599702835083
939255,50626,1,muon,electron,0,0.5454217195510864,0.4440402388572693,0.5454217195510864,0.005618209484964609,0.004919836763292551,0,0,0.5422542691230774,0.7809543609619141,TN,7,5,60.989105224609375,36.72398376464844,1,0.5636825561523438,194.24493408203125,0.0,0.0,60.989105224609375
216677,11714,1,photon,electron,0,0.7697652578353882,0.028170183300971985,0.7697652578353882,0.2020609974861145,3.6150577216176316e-06,0,0,0.05046173185110092,0.7809543609619141,TN,18,12,52.59148406982422,11.738324165344238,3,5.564704895019531,1411.7847900390625,13.501886367797852,17.6225528717041,21.467042922973633
447300,24069,1,muon,electron,0,0.8117880821228027,0.16454458236694336,0.8117880821228027,0.0200127474963665,0.00365460361354053,0,0,0.6839638948440552,0.7809543609619141,TN,7,4,38.40384292602539,19.71580696105957,2,3.0331153869628906,679.2181396484375,0.0,0.07683853060007095,38.327003479003906
231399,12521,1,muon,photon,0,0.8204038739204407,0.1687513291835785,0.010804850608110428,0.8204038739204407,3.996399391326122e-05,0,1,0.8990785479545593,0.7809543609619141,FP,4,4,25.317089080810547,8.621376991271973,1,0.2534637451171875,109.21834564208984,0.0,25.317089080810547,0.0
836561,45160,1,photon,muon,0,0.7658265829086304,0.7658265829086304,0.086210697889328,0.14734148979187012,0.0006212415755726397,1,0,0.408182293176651,0.7809543609619141,FN,4,4,25.319873809814453,11.338492393493652,1,0.3025970458984375,89.50272369384766,25.319873809814453,0.0,0.0
784802,42229,1,muon,photon,0,0.5250149369239807,0.3821582496166229,0.07345788180828094,0.5250149369239807,0.019368911162018776,0,0,0.663969874382019,0.7809543609619141,TN,4,4,25.472412109375,9.806803703308105,1,0.3873443603515625,127.74111938476562,0.0,25.472412109375,0.0
44904,2478,1,electron,muon,0,0.67213374376297,0.67213374376297,0.28057873249053955,0.03289010748267174,0.014397485181689262,0,0,0.33712127804756165,0.7809543609619141,TN,4,4,19.516441345214844,8.255887031555176,1,0.3022623062133789,109.68704223632812,0.0,0.0,19.516441345214844
898769,48380,1,electron,muon,0,0.6682844758033752,0.6682844758033752,0.32202020287513733,0.009673521853983402,2.18285513255978e-05,0,0,0.011407223530113697,0.7809543609619141,TN,11,8,42.70924758911133,9.214509010314941,2,3.0022201538085938,770.2454223632812,0.0,23.36238670349121,19.346860885620117
588053,31684,1,photon,muon,0,0.7842281460762024,0.7842281460762024,0.15614436566829681,0.05801970511674881,0.00160780712030828,0,0,0.054635073989629745,0.7809543609619141,TN,4,4,21.271190643310547,10.26089859008789,1,0.22781753540039062,107.09486389160156,21.271190643310547,0.0,0.0
12417,686,1,electron,muon,0,0.7556474208831787,0.7556474208831787,0.15464942157268524,0.03722419589757919,0.05247896909713745,0,0,0.3324010670185089,0.7809543609619141,TN,4,4,24.90709686279297,12.583365440368652,1,0.20261883735656738,63.99733352661133,0.0,0.0,24.90709686279297
245952,13298,1,electron,muon,0,0.6315011382102966,0.6315011382102966,0.3101615309715271,0.04220137372612953,0.01613595150411129,0,0,0.2923596501350403,0.7809543609619141,TN,5,4,19.638456344604492,6.414309978485107,1,0.6097526550292969,112.83240509033203,0.0,0.0,19.63845443725586
302510,16350,1,muon,proton,0,0.7724157571792603,0.20522814989089966,0.0216215867549181,0.000734521949198097,0.7724157571792603,0,0,0.0006824333104304969,0.7809543609619141,TN,8,8,35.68069839477539,9.234479904174805,2,2.222003936767578,691.967041015625,0.0,17.874181747436523,17.806514739990234
779887,41978,1,muon,photon,0,0.5153236985206604,0.3869851231575012,0.09683480858802795,0.5153236985206604,0.0008563549490645528,0,0,0.009650877676904202,0.7809543609619141,TN,6,6,25.13446617126465,8.612181663513184,2,1.749114990234375,526.158935546875,18.739770889282227,6.394695281982422,0.0
925400,49887,1,muon,electron,0,0.4418586194515228,0.39042845368385315,0.4418586194515228,0.15815922617912292,0.00955375749617815,0,0,0.05727594718337059,0.7809543609619141,TN,4,4,15.572565078735352,7.439152717590332,1,0.2852020263671875,99.65277862548828,0.0,0.0,15.572565078735352
665420,36022,1,muon,photon,0,0.6047710180282593,0.2557102143764496,0.1395004540681839,0.6047710180282593,1.8347909644944593e-05,0,0,0.0038656156975775957,0.7809543609619141,TN,6,5,19.085546493530273,8.402947425842285,2,2.425647735595703,740.2012329101562,0.0,17.69704818725586,1.388498067855835
945725,51003,1,electron,photon,0,0.7109481692314148,0.006183961872011423,0.28285813331604004,0.7109481692314148,9.720005436975043e-06,0,1,0.8481914401054382,0.7809543609619141,FP,13,4,30.658597946166992,16.271665573120117,2,5.501441955566406,952.2198486328125,0.0,29.713260650634766,0.9453381299972534
10111,555,1,muon,electron,0,0.504328191280365,0.4621420204639435,0.504328191280365,0.025178212672472,0.008351530879735947,0,0,0.00011759446351788938,0.7809543609619141,TN,4,4,19.181306838989258,7.597431182861328,1,0.21771955490112305,53.2652473449707,19.181306838989258,0.0,0.0
674116,36485,1,proton,muon,0,0.6165657639503479,0.6165657639503479,0.32105356454849243,0.033815931528806686,0.028564753010869026,0,0,0.01827622577548027,0.7809543609619141,TN,4,4,15.214925765991211,7.842104911804199,1,0.13149642944335938,50.733829498291016,0.0,0.0,15.214925765991211
458285,24667,1,electron,muon,0,0.5971822142601013,0.5971822142601013,0.322004109621048,0.06801273673772812,0.012800938449800014,0,0,0.04850038141012192,0.7809543609619141,TN,5,4,29.19544219970703,11.97835636138916,1,0.29016876220703125,92.0879898071289,0.0,0.0,29.19544219970703
294198,15912,1,electron,photon,0,0.49687886238098145,0.08939027786254883,0.4094541370868683,0.49687886238098145,0.0042768134735524654,0,0,0.7599189877510071,0.7809543609619141,TN,7,4,26.49635124206543,12.928688049316406,2,2.4522953033447266,716.8477172851562,0.25180965662002563,26.24454116821289,0.0
506090,27270,1,electron,photon,0,0.8134200572967529,0.004534465726464987,0.17907993495464325,0.8134200572967529,0.002965521067380905,1,0,0.5864446759223938,0.7809543609619141,FN,5,4,13.369802474975586,10.099215507507324,1,1.7119216918945312,207.7718048095703,0.0,13.369802474975586,0.0
453693,24413,1,electron,muon,0,0.5829867720603943,0.5829867720603943,0.41141846776008606,0.003488357877358794,0.002106393687427044,1,0,0.5750176310539246,0.7809543609619141,FN,5,4,24.01689910888672,10.253629684448242,1,1.7160797119140625,171.9095916748047,0.0,0.0,24.01689910888672
249292,13460,1,electron,photon,0,0.9302239418029785,0.04311886429786682,0.026418890804052353,0.9302239418029785,0.00023829154088161886,0,1,0.9105873107910156,0.7809543609619141,FP,6,4,26.466461181640625,12.167182922363281,1,1.0959320068359375,213.13304138183594,26.466461181640625,0.0,0.0
397772,21468,1,electron,photon,0,0.7499924898147583,0.1502489298582077,0.09468917548656464,0.7499924898147583,0.005069435108453035,0,1,0.9429655075073242,0.7809543609619141,FP,7,4,55.49791717529297,23.17747688293457,2,2.1156768798828125,624.595703125,0.02106618322432041,55.47685241699219,0.0
72076,4004,1,electron,photon,0,0.797109842300415,0.10849711298942566,0.0932689756155014,0.797109842300415,0.001124037429690361,0,0,0.00047146258293651044,0.7809543609619141,TN,8,7,65.81242370605469,17.584861755371094,2,1.8132662773132324,564.52392578125,41.49561309814453,24.31681251525879,0.0
914900,49278,1,muon,electron,0,0.8848708271980286,0.03277596831321716,0.8848708271980286,0.08232971280813217,2.3520984541391954e-05,0,1,0.8553045392036438,0.7809543609619141,FP,8,5,24.173938751220703,10.600508689880371,1,1.9473342895507812,398.239990234375,0.0,0.0,24.17393684387207
736374,39732,1,muon,proton,0,0.5402497053146362,0.43799692392349243,0.02141546830534935,0.00033794919727370143,0.5402497053146362,0,0,4.728805288323201e-05,0.7809543609619141,TN,8,8,68.50155639648438,20.292097091674805,2,2.3330230712890625,511.6426086425781,44.730979919433594,23.77057456970215,0.0
441798,23788,1,muon,electron,0,0.5365464091300964,0.4411660432815552,0.5365464091300964,0.02185768261551857,0.00042980254511348903,0,0,0.766584038734436,0.7809543609619141,TN,4,4,19.598302841186523,8.203961372375488,1,0.21331787109375,73.71018981933594,0.0,0.0,19.59830093383789
321025,17360,1,electron,muon,0,0.8572568297386169,0.8572568297386169,0.14046409726142883,0.0001951078447746113,0.0020839953795075417,0,0,0.001732806907966733,0.7809543609619141,TN,14,11,54.24028778076172,9.290634155273438,3,4.140644073486328,1119.3397216796875,19.10747718811035,18.158418655395508,16.974390029907227
855881,46156,1,electron,muon,0,0.8186755180358887,0.8186755180358887,0.12130330502986908,0.001081436756066978,0.058939721435308456,1,0,0.17222388088703156,0.7809543609619141,FN,4,4,27.840187072753906,10.706952095031738,1,0.29833984375,73.22664642333984,0.0,0.0,27.840187072753906
610441,32951,1,proton,muon,0,0.7437499165534973,0.7437499165534973,0.1809234470129013,0.020779462531208992,0.054547253996133804,0,0,0.19722700119018555,0.7809543609619141,TN,4,4,25.73727035522461,12.157809257507324,1,0.4032249450683594,97.00853729248047,0.0,0.0,25.73727035522461
303806,16424,1,muon,electron,0,0.9592364430427551,0.01945512928068638,0.9592364430427551,0.021290943026542664,1.748292379488703e-05,0,1,0.9686652421951294,0.7809543609619141,FP,21,14,82.80206298828125,20.31227684020996,3,4.12537956237793,1255.3641357421875,19.348371505737305,48.266788482666016,15.186903953552246
827498,44636,1,electron,muon,0,0.8131537437438965,0.8131537437438965,0.119253009557724,0.00650026835501194,0.061092957854270935,0,0,0.05074244737625122,0.7809543609619141,TN,4,4,28.865249633789062,9.610763549804688,1,0.2440948486328125,106.75786590576172,0.0,0.0,28.865249633789062
835828,45114,1,electron,muon,0,0.7112478613853455,0.7112478613853455,0.1955871433019638,0.017629442736506462,0.07553564012050629,0,0,0.2873651385307312,0.7809543609619141,TN,4,4,22.25702476501465,8.251744270324707,1,0.20876312255859375,92.85990905761719,0.0,0.0,22.257022857666016
665594,36036,1,electron,muon,0,0.7188740968704224,0.7188740968704224,0.2524774968624115,0.01919189654290676,0.009456497617065907,0,0,0.21553856134414673,0.7809543609619141,TN,4,4,20.299938201904297,7.337540626525879,1,0.2968788146972656,86.94981384277344,0.0,0.0,20.299936294555664
587747,31666,1,muon,photon,0,0.569789469242096,0.24536104500293732,0.18296419084072113,0.569789469242096,0.0018852573120966554,0,0,0.7023364305496216,0.7809543609619141,TN,16,13,74.67974853515625,20.79061508178711,3,3.9861106872558594,1167.8221435546875,12.50041675567627,41.88028335571289,20.29904556274414
199429,10849,1,electron,muon,0,0.5621205568313599,0.5621205568313599,0.364348828792572,0.053101979196071625,0.020428642630577087,0,0,0.5844069719314575,0.7809543609619141,TN,5,4,21.673128128051758,9.00556755065918,1,0.5738868713378906,104.9134292602539,0.0,0.0,21.67313003540039
212828,11525,1,muon,electron,0,0.6595998406410217,0.26288819313049316,0.6595998406410217,0.05982663854956627,0.017685292288661003,0,0,0.69041508436203,0.7809543609619141,TN,7,6,43.5853385925293,26.550983428955078,1,1.7570304870605469,349.6850280761719,0.0,0.0,43.5853385925293
65582,3630,1,muon,photon,0,0.6899142265319824,0.23675374686717987,0.07261534780263901,0.6899142265319824,0.000716711045242846,0,0,0.772041380405426,0.7809543609619141,TN,4,4,21.79225730895996,7.537731647491455,1,0.33739185333251953,106.81670379638672,0.0,21.792255401611328,0.0
718801,38843,1,electron,muon,0,0.7453282475471497,0.7453282475471497,0.18848679959774017,0.05376754701137543,0.012417498975992203,1,0,0.47604966163635254,0.7809543609619141,FN,5,4,26.7708683013916,8.350915908813477,2,2.7783050537109375,620.1229248046875,0.0,0.38442954421043396,26.386438369750977
340683,18397,1,electron,muon,0,0.7061203718185425,0.7061203718185425,0.11736644059419632,0.172845721244812,0.003667519660666585,0,0,0.16883449256420135,0.7809543609619141,TN,5,4,21.689485549926758,6.772533893585205,1,0.8627738952636719,255.66847229003906,0.0,21.689485549926758,0.0
70051,3878,1,electron,muon,0,0.5853298902511597,0.5853298902511597,0.11012038588523865,0.3000093996524811,0.004540363326668739,0,0,0.32558658719062805,0.7809543609619141,TN,6,4,44.557533264160156,25.189289093017578,1,0.6255350112915039,212.11045837402344,44.557533264160156,0.0,0.0
485603,26188,1,electron,muon,0,0.5468302965164185,0.5468302965164185,0.4335787296295166,0.017810802906751633,0.0017801898065954447,0,0,0.49100935459136963,0.7809543609619141,TN,5,4,22.01552963256836,11.241968154907227,1,0.4140205383300781,134.09458923339844,0.0,0.0,22.01552963256836
452264,24328,1,muon,photon,0,0.9437006711959839,0.0027003807481378317,0.05359881371259689,0.9437006711959839,7.892800368836106e-08,0,1,0.9939674139022827,0.7809543609619141,FP,18,9,61.156837463378906,21.27079963684082,3,3.558032989501953,1218.9647216796875,14.234617233276367,46.86419677734375,0.05801831930875778
646507,34921,1,electron,photon,0,0.7364651560783386,0.10902442783117294,0.15424324572086334,0.7364651560783386,0.00026710773818194866,0,0,0.741428554058075,0.7809543609619141,TN,7,4,23.15509033203125,9.820680618286133,2,1.0287322998046875,748.9802856445312,0.0,23.11325454711914,0.041834961622953415
985788,53172,1,muon,electron,0,0.48502886295318604,0.3750231862068176,0.48502886295318604,0.07220330089330673,0.06774460524320602,0,0,0.048521026968955994,0.7809543609619141,TN,9,8,41.751625061035156,9.001411437988281,2,1.7354202270507812,547.018798828125,16.92910385131836,24.822521209716797,0.0
626198,33849,1,electron,muon,0,0.731346070766449,0.731346070766449,0.22658655047416687,0.014941493049263954,0.027125906199216843,0,0,0.2677869200706482,0.7809543609619141,TN,4,4,17.721389770507812,6.295166015625,1,0.29779815673828125,89.39884185791016,0.0,0.0,17.721389770507812
419920,22632,1,electron,muon,0,0.5733218789100647,0.5733218789100647,0.1565733551979065,0.009090286679565907,0.26101452112197876,0,0,0.09212698042392731,0.7809543609619141,TN,4,4,38.243507385253906,16.76081085205078,1,0.5629615783691406,161.08241271972656,0.0,0.0,38.243507385253906
883938,47610,1,muon,electron,0,0.5049110054969788,0.4582209587097168,0.5049110054969788,0.03560517355799675,0.0012628602562472224,0,0,0.3646976351737976,0.7809543609619141,TN,5,4,27.041872024536133,15.1309814453125,1,0.34777069091796875,93.18685913085938,0.0,0.0,27.041873931884766
434855,23426,1,electron,muon,0,0.6603103876113892,0.6603103876113892,0.2717648148536682,0.029147876426577568,0.038776885718107224,0,0,0.5582478046417236,0.7809543609619141,TN,4,4,18.51254653930664,6.082082271575928,1,0.22723388671875,66.94673919677734,0.0,0.0,18.51254653930664
260679,14075,1,photon,muon,0,0.6620648503303528,0.6620648503303528,0.22833402454853058,0.08515434712171555,0.024446770548820496,0,0,0.15270929038524628,0.7809543609619141,TN,4,4,29.342451095581055,14.247161865234375,1,0.2404632568359375,72.38072204589844,29.342449188232422,0.0,0.0
845335,45628,1,muon,photon,0,0.6373921632766724,0.1517438143491745,0.2108505666255951,0.6373921632766724,1.3442335330182686e-05,0,0,0.5720539093017578,0.7809543609619141,TN,12,8,62.248077392578125,15.357580184936523,2,3.4407424926757812,629.1148071289062,42.60496520996094,19.643112182617188,0.0
295407,15966,1,muon,electron,0,0.655661940574646,0.3276468813419342,0.655661940574646,0.016633175313472748,5.806161425425671e-05,0,0,0.7068023085594177,0.7809543609619141,TN,9,7,36.93756103515625,9.25240707397461,2,2.969480514526367,823.6777954101562,0.0,19.512561798095703,17.424999237060547
783790,42177,1,electron,photon,0,0.6407309174537659,0.05665998533368111,0.30255135893821716,0.6407309174537659,5.771179712610319e-05,0,0,0.00874120183289051,0.7809543609619141,TN,8,6,21.627910614013672,8.244473457336426,2,2.39007568359375,721.4747924804688,18.56368637084961,3.0642240047454834,0.0
646315,34910,1,photon,muon,0,0.6339622735977173,0.6339622735977173,0.3090837597846985,0.051781244575977325,0.00517271738499403,0,0,0.4165429174900055,0.7809543609619141,TN,5,4,39.541255950927734,18.07707977294922,1,0.32131195068359375,93.97103881835938,0.0,0.0,39.541255950927734
236365,12788,1,photon,electron,0,0.7875964045524597,0.0036979205906391144,0.7875964045524597,0.2086862474679947,1.9471783161861822e-05,0,0,0.6288161277770996,0.7809543609619141,TN,10,4,16.84098243713379,7.6943769454956055,2,4.888002395629883,813.5548706054688,13.684762001037598,3.1562201976776123,0.0
234032,12658,1,muon,electron,0,0.9924777150154114,0.006736459210515022,0.9924777150154114,0.0005414740298874676,0.0002444534038659185,0,0,0.42811253666877747,0.7809543609619141,TN,28,11,93.35108947753906,16.840476989746094,3,3.873371124267578,1428.6976318359375,4.33784294128418,40.37071990966797,48.64252471923828
742651,40061,1,electron,muon,0,0.7776581645011902,0.7776581645011902,0.19911350309848785,0.012382714077830315,0.0108456090092659,0,0,0.037414178252220154,0.7809543609619141,TN,4,4,11.61457633972168,6.3079657554626465,2,2.330963134765625,578.157958984375,0.0,0.5695137977600098,11.045062065124512
757485,40840,1,muon,proton,0,0.47447845339775085,0.26788637042045593,0.2106294184923172,0.04700582101941109,0.47447845339775085,0,0,0.44663122296333313,0.7809543609619141,TN,14,12,67.07586669921875,8.319279670715332,3,3.6339263916015625,1134.072265625,27.53228759765625,17.6297607421875,21.913822174072266
111822,6053,1,electron,muon,0,0.7340810298919678,0.7340810298919678,0.23583997786045074,0.022503530606627464,0.007575507741421461,1,0,0.26682746410369873,0.7809543609619141,FN,5,4,26.4558162689209,9.829375267028809,1,0.5835094451904297,202.4750518798828,0.0,0.0,26.4558162689209
803951,43330,1,proton,muon,0,0.9905747771263123,0.9905747771263123,0.007353120017796755,0.0005737926694564521,0.0014982949942350388,0,0,0.00021337505313567817,0.7809543609619141,TN,12,11,55.136070251464844,9.9249849319458,3,4.036872863769531,1163.070068359375,16.759700775146484,20.000505447387695,18.37586212158203
152799,8327,1,photon,electron,0,0.6745012998580933,0.19565068185329437,0.6745012998580933,0.11890632659196854,0.010941659100353718,0,0,0.7671953439712524,0.7809543609619141,TN,5,4,16.370182037353516,7.127328395843506,2,2.065199851989746,599.6348266601562,0.0,0.24428099393844604,16.125900268554688
297383,16076,1,muon,electron,0,0.9075287580490112,0.07532253116369247,0.9075287580490112,0.01651761867105961,0.0006310137687250972,0,1,0.9308781027793884,0.7809543609619141,FP,7,4,22.665987014770508,9.133492469787598,2,2.8932628631591797,704.9104614257812,0.0,0.19294854998588562,22.473039627075195
331655,17916,1,electron,muon,0,0.6203798055648804,0.6203798055648804,0.27691230177879333,0.0955708771944046,0.007137010805308819,0,0,0.1105375587940216,0.7809543609619141,TN,4,4,29.059818267822266,12.934925079345703,1,0.22054481506347656,77.84378814697266,0.0,29.059818267822266,0.0
284460,15351,1,electron,muon,0,0.8828753232955933,0.8828753232955933,0.07300689816474915,0.0422067791223526,0.0019109928980469704,0,0,0.004441131372004747,0.7809543609619141,TN,4,4,16.896011352539062,4.918088912963867,1,0.2152099609375,74.69124603271484,16.896011352539062,0.0,0.0
256760,13862,1,photon,proton,0,0.4712699055671692,0.2456805408000946,0.10848799347877502,0.1745615452528,0.4712699055671692,0,0,0.006407332606613636,0.7809543609619141,TN,4,4,38.71965026855469,16.828651428222656,1,0.23662948608398438,65.4455795288086,38.71965026855469,0.0,0.0
908021,48890,1,electron,muon,0,0.8508116602897644,0.8508116602897644,0.11795254796743393,0.003044905373826623,0.028190935030579567,0,0,0.3104836344718933,0.7809543609619141,TN,4,4,31.041893005371094,15.676926612854004,1,0.4728240966796875,130.35421752929688,0.0,0.0,31.041893005371094
799446,43062,1,electron,muon,0,0.5824168920516968,0.5824168920516968,0.3090323507785797,0.09059374034404755,0.017957016825675964,0,0,0.05214990675449371,0.7809543609619141,TN,4,4,19.010150909423828,8.349288940429688,1,0.31060791015625,112.88086700439453,0.0,0.0,19.010150909423828
527926,28470,1,electron,photon,0,0.7305319905281067,0.004334057681262493,0.26511362195014954,0.7305319905281067,2.0335261069703847e-05,0,1,0.978628396987915,0.7809543609619141,FP,19,6,36.80476379394531,9.020110130310059,2,3.177745819091797,802.1483154296875,15.510964393615723,21.293800354003906,0.0
790276,42545,1,electron,muon,0,0.7175452709197998,0.7175452709197998,0.24487246572971344,0.019971875473856926,0.017610423266887665,0,0,0.27257999777793884,0.7809543609619141,TN,6,5,44.535850524902344,24.82758331298828,2,2.2224960327148438,649.21484375,0.0,7.290825843811035,37.245025634765625
276506,14939,1,photon,muon,0,0.5722530484199524,0.5722530484199524,0.15739458799362183,0.24819982051849365,0.022152509540319443,1,0,0.13978654146194458,0.7809543609619141,FN,4,4,20.418628692626953,10.138813972473145,1,0.34058570861816406,119.0072250366211,20.418628692626953,0.0,0.0
698672,37789,1,photon,electron,0,0.6619088649749756,0.00140724319498986,0.6619088649749756,0.3364955484867096,0.00018835232185665518,0,1,0.9535667896270752,0.7809543609619141,FP,18,8,52.93694305419922,15.78501033782959,3,4.212928771972656,1179.6097412109375,1.9236398935317993,29.40648651123047,21.606821060180664
260395,14052,1,electron,muon,0,0.9048013687133789,0.9048013687133789,0.057798922061920166,0.02120904251933098,0.016190586611628532,0,0,6.883454716444248e-06,0.7809543609619141,TN,9,7,41.94820022583008,10.433111190795898,2,2.5982933044433594,757.8494262695312,0.0,18.978572845458984,22.969627380371094
630268,34045,1,photon,muon,0,0.9999829530715942,0.9999829530715942,1.6622489056317136e-05,7.27597537775182e-10,4.45927383907474e-07,1,0,9.214934948431619e-07,0.7809543609619141,FN,14,9,75.27935028076172,19.31962776184082,3,15582.5966796875,1298.2071533203125,35.48855972290039,36.55874252319336,3.232043743133545
607078,32769,1,muon,photon,0,0.526731014251709,0.35331490635871887,0.11791156232357025,0.526731014251709,0.0020424805115908384,0,0,0.2624625563621521,0.7809543609619141,TN,4,4,21.793102264404297,12.048661231994629,1,0.26653289794921875,106.37045288085938,0.0,21.793102264404297,0.0
739813,39910,1,electron,muon,0,0.635094940662384,0.635094940662384,0.16359740495681763,0.028855012729763985,0.1724526584148407,0,0,0.16634513437747955,0.7809543609619141,TN,4,4,43.458740234375,29.327455520629883,1,0.30194091796875,86.97662353515625,0.0,0.0,43.458740234375
959929,51767,1,electron,muon,0,0.9225516319274902,0.9225516319274902,0.004158416297286749,0.07310939580202103,0.00018044466560240835,0,0,1.915271241159644e-06,0.7809543609619141,TN,4,4,20.365272521972656,7.450626373291016,2,2.3789291381835938,687.6889038085938,0.0,13.267129898071289,7.098142147064209
91323,4998,1,muon,electron,0,0.42872753739356995,0.42056575417518616,0.42872753739356995,0.12803640961647034,0.022670352831482887,0,0,0.5806517004966736,0.7809543609619141,TN,5,4,26.648685455322266,15.287799835205078,1,0.35825252532958984,83.86700439453125,0.0,0.0,26.648683547973633
707987,38284,1,muon,photon,0,0.7425801157951355,0.12066422402858734,0.13671372830867767,0.7425801157951355,4.1970059101004153e-05,0,1,0.8866648077964783,0.7809543609619141,FP,6,4,20.289770126342773,8.255876541137695,1,0.7197151184082031,281.9598083496094,0.0,20.289770126342773,0.0
527972,28472,1,muon,photon,0,0.5975433588027954,0.26222842931747437,0.13921108841896057,0.5975433588027954,0.0010170581517741084,0,0,0.746316134929657,0.7809543609619141,TN,5,4,25.555809020996094,13.074509620666504,1,0.33640289306640625,175.99256896972656,0.0,25.555809020996094,0.0
640781,34616,1,muon,electron,0,0.5243408679962158,0.45620372891426086,0.5243408679962158,0.01573510281741619,0.0037202672101557255,0,0,0.7284578680992126,0.7809543609619141,TN,6,4,25.17755126953125,7.850503444671631,3,4.838859558105469,1183.9837646484375,0.04303651675581932,0.048455048352479935,25.0860595703125
899553,48432,1,electron,muon,0,0.6276242136955261,0.6276242136955261,0.3630456030368805,0.007516289595514536,0.0018139545572921634,0,0,0.6705025434494019,0.7809543609619141,TN,4,4,20.29352378845215,11.672935485839844,1,0.16411590576171875,69.51156616210938,0.0,0.0,20.29352569580078
127999,6950,1,electron,photon,0,0.7393559217453003,0.01181040145456791,0.24882282316684723,0.7393559217453003,1.0795130947371945e-05,1,1,0.9098533987998962,0.7809543609619141,TP,12,5,33.320335388183594,18.97918128967285,2,3.599318504333496,891.5845336914062,1.2934033870697021,32.02693557739258,0.0
716058,38688,1,photon,muon,0,0.5115590691566467,0.5115590691566467,0.16906039416790009,0.3190402090549469,0.00034032034454867244,0,0,0.39458733797073364,0.7809543609619141,TN,4,4,13.63955020904541,7.206581115722656,1,0.20453643798828125,54.28156280517578,0.0,13.63955020904541,0.0
856418,46182,1,photon,muon,0,0.6409906148910522,0.6409906148910522,0.035230301320552826,0.2561686933040619,0.06761033087968826,1,0,0.01702902652323246,0.7809543609619141,FN,9,8,69.85838317871094,19.85581398010254,3,1.6767349243164062,1013.3851928710938,28.90127182006836,40.87523651123047,0.08188112080097198
12453,692,1,electron,photon,0,0.8120723962783813,0.07103360444307327,0.11682308465242386,0.8120723962783813,7.092281157383695e-05,1,1,0.8767075538635254,0.7809543609619141,TP,8,5,27.83386993408203,10.973088264465332,3,4.05128288269043,1191.4808349609375,0.027600742876529694,27.558752059936523,0.2475164830684662
326752,17662,1,electron,muon,0,0.48857226967811584,0.48857226967811584,0.35738688707351685,0.12805438041687012,0.025986384600400925,0,0,0.20749974250793457,0.7809543609619141,TN,6,5,24.931549072265625,9.319327354431152,1,2.899934768676758,487.4079284667969,0.0,0.0,24.931547164916992
998558,53863,1,electron,photon,0,0.8185006976127625,0.05652722343802452,0.12497131526470184,0.8185006976127625,8.37267634778982e-07,1,1,0.8980792760848999,0.7809543609619141,TP,11,8,38.555030822753906,7.098140239715576,2,1.993316650390625,643.8768920898438,18.053733825683594,20.501298904418945,0.0
948617,51168,1,electron,muon,0,0.6937200427055359,0.6937200427055359,0.27349239587783813,0.005403351504355669,0.027384236454963684,1,0,0.17232945561408997,0.7809543609619141,FN,5,4,21.512042999267578,6.8512139320373535,1,3.783203125,523.56689453125,0.0,0.0,21.512042999267578
420840,22680,1,electron,muon,0,0.5352559685707092,0.5352559685707092,0.1870216578245163,0.24148310720920563,0.03623923659324646,1,0,0.4977881908416748,0.7809543609619141,FN,8,6,37.865966796875,13.211142539978027,3,3.617206573486328,1138.1158447265625,9.85664176940918,1.6626707315444946,26.346656799316406
314831,17014,1,photon,electron,0,0.5917940735816956,0.2881338894367218,0.5917940735816956,0.10715995728969574,0.01291198655962944,0,0,0.5939116477966309,0.7809543609619141,TN,7,4,22.711408615112305,7.448125839233398,1,0.8055133819580078,182.40054321289062,0.0,0.0,22.711408615112305
366850,19792,1,electron,photon,0,0.4327070713043213,0.17909301817417145,0.388088196516037,0.4327070713043213,0.00011165371688548476,0,1,0.9636145830154419,0.7809543609619141,FP,14,9,110.3258056640625,35.41413497924805,3,5.010341644287109,1470.72021484375,0.08352934569120407,92.40087890625,17.841402053833008
867415,46763,1,muon,electron,0,0.6134944558143616,0.37786173820495605,0.6134944558143616,0.008632953278720379,1.0918945918092504e-05,0,0,0.024563387036323547,0.7809543609619141,TN,13,8,39.092105865478516,9.403207778930664,2,3.1768646240234375,842.7206420898438,0.0,17.510059356689453,21.582046508789062
110067,5952,1,muon,photon,0,0.4729063808917999,0.21377575397491455,0.3123738169670105,0.4729063808917999,0.0009440193534828722,0,0,0.7623080611228943,0.7809543609619141,TN,5,5,23.414758682250977,10.275988578796387,1,0.1887645721435547,119.99717712402344,0.0,23.414758682250977,0.0
736999,39759,1,electron,photon,0,0.95968097448349,0.0031745354644954205,0.03713938221335411,0.95968097448349,5.0166231631010305e-06,1,0,0.4792393743991852,0.7809543609619141,FN,16,9,60.62040328979492,19.311992645263672,3,5.9998016357421875,1193.5511474609375,0.10304155945777893,51.041866302490234,9.475496292114258
273373,14770,1,electron,proton,0,0.8261003494262695,0.12240832298994064,0.047571197152137756,0.00392018910497427,0.8261003494262695,0,0,0.41138017177581787,0.7809543609619141,TN,4,4,42.183067321777344,12.08846378326416,1,0.4613533020019531,125.54060363769531,0.0,0.0,42.183067321777344
133156,7235,1,electron,muon,0,0.7781231999397278,0.7781231999397278,0.21250344812870026,0.0057684918865561485,0.0036048225592821836,0,0,0.3507845997810364,0.7809543609619141,TN,4,4,20.482332229614258,8.495189666748047,1,0.17898273468017578,95.11161041259766,0.0,0.0,20.482332229614258
967584,52175,1,electron,muon,0,0.6388172507286072,0.6388172507286072,0.2876635193824768,0.04795064032077789,0.025568589568138123,0,0,0.031249411404132843,0.7809543609619141,TN,4,4,31.708614349365234,10.804109573364258,1,0.43215179443359375,144.00128173828125,0.0,0.0,31.708614349365234
111632,6044,1,muon,electron,0,0.6997456550598145,0.2094360738992691,0.6997456550598145,0.004669784102588892,0.08614858239889145,0,0,0.010123156011104584,0.7809543609619141,TN,12,10,70.12700653076172,15.099729537963867,2,3.3905067443847656,615.6122436523438,43.74164962768555,26.385356903076172,0.0
447547,24082,1,muon,electron,0,0.5691708326339722,0.38453295826911926,0.5691708326339722,0.005912426393479109,0.040383778512477875,0,0,0.06842920184135437,0.7809543609619141,TN,4,4,21.16862678527832,15.581550598144531,1,0.20240402221679688,81.5850601196289,0.0,0.0,21.16862678527832
437708,23571,1,muon,electron,0,0.5104403495788574,0.45467567443847656,0.5104403495788574,0.013341127894818783,0.02154284156858921,0,0,0.5086920857429504,0.7809543609619141,TN,5,4,22.924243927001953,7.344611644744873,1,2.2897109985351562,386.45245361328125,0.0,0.0,22.924243927001953
900927,48502,1,photon,muon,0,0.9160619974136353,0.9160619974136353,0.044474128633737564,0.02519094944000244,0.014272917062044144,1,0,0.0002824595139827579,0.7809543609619141,FN,4,4,20.87767219543457,7.339918613433838,1,0.2349090576171875,123.4854507446289,20.87767219543457,0.0,0.0
231133,12501,1,muon,electron,0,0.8193452954292297,0.16053740680217743,0.8193452954292297,0.019964030012488365,0.00015322442050091922,0,1,0.8695018887519836,0.7809543609619141,FP,5,4,21.518836975097656,7.144929885864258,1,3.2561569213867188,331.0232238769531,0.0,0.0,21.518836975097656
337453,18232,1,photon,muon,0,0.5874898433685303,0.5874898433685303,0.3734435439109802,0.01812400296330452,0.02094261161983013,0,0,0.35061734914779663,0.7809543609619141,TN,6,6,50.93194580078125,21.11543846130371,1,1.4005184173583984,238.57688903808594,0.0,0.0,50.93194580078125
965816,52085,1,muon,electron,0,0.7006272077560425,0.26740938425064087,0.7006272077560425,0.03195060417056084,1.2855026398028713e-05,0,0,0.004260342102497816,0.7809543609619141,TN,12,8,78.60926818847656,25.175678253173828,2,3.09625244140625,726.1021118164062,55.84956741333008,22.75969696044922,0.0
849957,45867,1,muon,electron,0,0.7621303796768188,0.21928000450134277,0.7621303796768188,0.0092274509370327,0.009362244047224522,0,1,0.8724931478500366,0.7809543609619141,FP,6,4,23.30775260925293,7.851874828338623,2,2.8940811157226562,652.199462890625,0.0,0.5590451955795288,22.748706817626953
896042,48236,1,muon,electron,0,0.4806559681892395,0.38273000717163086,0.4806559681892395,0.13384723663330078,0.0027667004615068436,0,0,0.07089512795209885,0.7809543609619141,TN,5,4,33.13557434082031,14.314398765563965,1,1.2859420776367188,205.48477172851562,0.0,0.0,33.13557052612305
800092,43088,1,electron,proton,0,0.4610021412372589,0.4211736023426056,0.07005587965250015,0.047768376767635345,0.4610021412372589,0,0,0.30711811780929565,0.7809543609619141,TN,4,4,31.70321273803711,10.424381256103516,1,0.398590087890625,146.80294799804688,0.0,0.0,31.70321273803711
478590,25800,1,muon,electron,0,0.5315232872962952,0.424822062253952,0.5315232872962952,0.04264259338378906,0.001012100139632821,0,0,0.5862715244293213,0.7809543609619141,TN,4,4,17.719083786010742,8.042134284973145,1,0.2851715087890625,78.53782653808594,0.0,0.0,17.71908187866211
769290,41440,1,photon,electron,0,0.5156069993972778,0.008361855521798134,0.5156069993972778,0.4760028123855591,2.836258863680996e-05,1,1,0.924606204032898,0.7809543609619141,TP,9,5,16.5765438079834,8.870770454406738,2,1.6899032592773438,601.4693603515625,14.296796798706055,2.2797460556030273,0.0
771355,41540,1,muon,electron,0,0.9507523775100708,0.047664396464824677,0.9507523775100708,0.0015816724626347423,1.6101248547784053e-06,0,0,0.1947488784790039,0.7809543609619141,TN,16,13,78.69882202148438,23.82388687133789,3,4.534820556640625,1371.5225830078125,19.87786102294922,36.409263610839844,22.411693572998047
407625,21978,1,muon,photon,0,0.3750593066215515,0.32105711102485657,0.30335503816604614,0.3750593066215515,0.0005285500083118677,0,0,0.663872480392456,0.7809543609619141,TN,5,4,22.169530868530273,10.38255500793457,1,0.694854736328125,156.19996643066406,22.169530868530273,0.0,0.0
377009,20326,1,photon,muon,0,0.708274245262146,0.708274245262146,0.1530204713344574,0.13236738741397858,0.006337903905659914,1,0,0.12873747944831848,0.7809543609619141,FN,5,4,39.61912536621094,19.396921157836914,1,0.31258392333984375,93.78052520751953,39.61912536621094,0.0,0.0
676812,36628,1,electron,muon,0,0.8276155591011047,0.8276155591011047,0.06003936380147934,0.0015581869520246983,0.1107868105173111,0,0,0.029174603521823883,0.7809543609619141,TN,8,6,54.3108024597168,22.130231857299805,2,2.0353736877441406,600.3816528320312,19.6332950592041,34.67750549316406,0.0
943805,50892,1,muon,electron,0,0.9803532361984253,0.018916940316557884,0.9803532361984253,0.0007278553093783557,1.9807209810096538e-06,0,0,0.0030883236322551966,0.7809543609619141,TN,16,10,59.18006896972656,11.967103958129883,2,2.889923095703125,751.8274536132812,37.58024215698242,21.59982681274414,0.0
48522,2696,1,electron,muon,0,0.6773179173469543,0.6773179173469543,0.2961758077144623,0.0240970216691494,0.0024092509411275387,1,0,0.3735363781452179,0.7809543609619141,FN,4,4,16.978675842285156,5.811273574829102,1,0.2740168571472168,81.23932647705078,0.0,0.0,16.978675842285156
411891,22202,1,photon,muon,0,0.6786472201347351,0.6786472201347351,0.31634584069252014,0.004677345044910908,0.0003295819915365428,1,0,0.05348346009850502,0.7809543609619141,FN,4,4,18.069686889648438,6.507143974304199,1,0.2958335876464844,104.45407104492188,18.069686889648438,0.0,0.0
375669,20256,1,muon,electron,0,0.5467525720596313,0.4406568706035614,0.5467525720596313,0.011834478937089443,0.0007561284000985324,0,0,0.11917567253112793,0.7809543609619141,TN,8,4,34.67829895019531,12.629103660583496,2,2.3005294799804688,693.06103515625,0.0,13.246088027954102,21.432212829589844
84586,4647,1,muon,photon,0,0.728861391544342,0.06248096004128456,0.20865605771541595,0.728861391544342,1.5552390095763258e-06,0,1,0.9454551935195923,0.7809543609619141,FP,6,5,21.82996368408203,8.485532760620117,1,0.5077447891235352,219.16722106933594,21.82996368408203,0.0,0.0
53628,2988,1,muon,electron,0,0.7714744806289673,0.19390957057476044,0.7714744806289673,0.034557100385427475,5.887168663321063e-05,0,1,0.8455211520195007,0.7809543609619141,FP,7,5,36.33713912963867,21.076725006103516,1,2.616206645965576,488.8646240234375,0.0,0.0,36.33713912963867
827124,44615,1,electron,muon,0,0.6617620587348938,0.6617620587348938,0.3210165202617645,0.013255398720502853,0.003965949639678001,0,0,0.04162772372364998,0.7809543609619141,TN,7,7,35.08926773071289,11.405781745910645,2,2.1193389892578125,606.4518432617188,0.0,10.57456111907959,24.514705657958984
823125,44375,1,muon,electron,0,0.7602518200874329,0.11880724877119064,0.7602518200874329,0.12018487602472305,0.0007559904479421675,0,0,0.04579965025186539,0.7809543609619141,TN,23,15,151.515380859375,28.187210083007812,3,5.102287292480469,1256.7930908203125,69.57012176513672,65.09033203125,16.854944229125977
271347,14655,1,electron,muon,0,0.6373571753501892,0.6373571753501892,0.3388969302177429,0.020976277068257332,0.0027696778997778893,0,0,0.5076574087142944,0.7809543609619141,TN,4,4,17.947553634643555,7.886559963226318,1,0.2183971405029297,72.18168640136719,0.0,0.0,17.947553634643555
612968,33108,1,muon,photon,0,0.5403181314468384,0.3890358507633209,0.05947956442832947,0.5403181314468384,0.011166437529027462,1,0,0.6105810403823853,0.7809543609619141,FN,5,4,43.389862060546875,14.611390113830566,1,3.5516395568847656,296.78985595703125,0.0,43.389862060546875,0.0
752992,40621,1,muon,electron,0,0.5068179965019226,0.4134834110736847,0.5068179965019226,0.06406261026859283,0.01563599705696106,0,0,0.2760418951511383,0.7809543609619141,TN,5,4,16.633472442626953,5.8495612144470215,1,1.1491241455078125,331.46942138671875,0.0,0.0,16.633472442626953
576901,31069,1,muon,electron,0,0.5655660629272461,0.39527297019958496,0.5655660629272461,0.02123640477657318,0.017924543470144272,0,0,0.6741421818733215,0.7809543609619141,TN,5,4,25.500150680541992,10.755526542663574,1,1.4734458923339844,246.0974578857422,0.0,0.0,25.500150680541992
749287,40421,1,electron,photon,0,0.9862250089645386,0.00016837380826473236,0.013605368323624134,0.9862250089645386,1.2839572036682512e-06,0,1,0.7895634770393372,0.7809543609619141,FP,5,5,5.287428379058838,1.3397549390792847,1,0.19011688232421875,145.83644104003906,5.287428379058838,0.0,0.0
195641,10629,1,proton,muon,0,0.9963839054107666,0.9963839054107666,0.003329355036839843,9.394795779371634e-05,0.00019272256758995354,0,0,6.8654981077997945e-06,0.7809543609619141,TN,9,9,43.607322692871094,6.878726482391357,3,3.779356002807617,1090.277099609375,5.464186191558838,19.195098876953125,18.948040008544922
982779,53008,1,electron,photon,0,0.6660881638526917,0.16709870100021362,0.16672833263874054,0.6660881638526917,8.482023986289278e-05,0,0,0.755795419216156,0.7809543609619141,TN,8,4,31.998130798339844,17.163738250732422,2,2.090240478515625,728.9158325195312,0.29652419686317444,31.701602935791016,0.0
366105,19755,1,muon,photon,0,0.8542698621749878,0.09183696657419205,0.05389152467250824,0.8542698621749878,1.697826519375667e-06,0,1,0.9513788819313049,0.7809543609619141,FP,6,4,20.860872268676758,7.35822868347168,1,0.5438652038574219,248.28282165527344,0.0,20.86087417602539,0.0
426129,22956,1,muon,electron,0,0.5887188911437988,0.3864196836948395,0.5887188911437988,0.019479457288980484,0.005382033996284008,0,0,0.6948718428611755,0.7809543609619141,TN,5,4,20.624290466308594,9.13521957397461,2,2.74664306640625,750.5313720703125,0.0,0.0025885398499667645,20.621702194213867
219367,11870,1,muon,electron,0,0.9609770774841309,0.015089748427271843,0.9609770774841309,0.02391842007637024,1.482483548898017e-05,0,0,0.24422286450862885,0.7809543609619141,TN,12,6,47.083282470703125,11.301263809204102,2,2.49176025390625,670.8079833984375,30.96074867248535,16.122535705566406,0.0
503388,27117,1,muon,photon,0,0.892522931098938,0.06908029317855835,0.03839213401079178,0.892522931098938,4.660034846892813e-06,0,1,0.9545233249664307,0.7809543609619141,FP,4,4,19.354928970336914,7.842935085296631,1,0.2939872741699219,113.56505584716797,0.0,19.354928970336914,0.0
335947,18147,1,electron,muon,0,0.7961944341659546,0.7961944341659546,0.1225249245762825,0.004239656962454319,0.07704099267721176,0,0,0.1235351487994194,0.7809543609619141,TN,4,4,23.005578994750977,9.917898178100586,1,0.26235198974609375,86.68939208984375,0.0,0.0,23.00558090209961
927646,50010,1,muon,photon,0,0.7084662318229675,0.05450788140296936,0.2368740737438202,0.7084662318229675,0.00015179828915279359,0,0,0.37497448921203613,0.7809543609619141,TN,5,5,15.082999229431152,4.938996315002441,1,3.44354248046875,443.54315185546875,0.0,0.0,15.082999229431152
314069,16964,1,photon,proton,0,0.8026209473609924,0.015473725274205208,0.01938311941921711,0.16252221167087555,0.8026209473609924,1,1,0.9827489852905273,0.7809543609619141,TP,4,4,50.754638671875,16.748619079589844,1,0.24671554565429688,68.2125473022461,50.754638671875,0.0,0.0
671,33,1,muon,electron,0,0.9476756453514099,0.009886657819151878,0.9476756453514099,0.04243353381752968,4.129202807234833e-06,0,1,0.9511696696281433,0.7809543609619141,FP,8,4,20.927291870117188,7.69528865814209,3,4.1955976486206055,1190.52978515625,0.20708563923835754,0.07544107735157013,20.644763946533203
88687,4876,1,muon,electron,0,0.5799710750579834,0.32329392433166504,0.5799710750579834,0.09649163484573364,0.00024328655854333192,0,0,0.3352908790111542,0.7809543609619141,TN,9,7,36.433109283447266,8.265970230102539,2,1.906031608581543,566.361083984375,17.455846786499023,18.977264404296875,0.0
286605,15472,1,muon,photon,0,0.7322424054145813,0.16661028563976288,0.10089074820280075,0.7322424054145813,0.0002565376053098589,0,1,0.9232707619667053,0.7809543609619141,FP,4,4,19.377593994140625,8.425676345825195,1,0.19347763061523438,67.00731658935547,19.377593994140625,0.0,0.0
432345,23282,1,muon,electron,0,0.5197923183441162,0.34635740518569946,0.5197923183441162,0.033803343772888184,0.10004685819149017,0,0,0.603262186050415,0.7809543609619141,TN,4,4,18.690492630004883,9.017391204833984,1,0.19663619995117188,74.166015625,0.0,0.0,18.690492630004883
906770,48806,1,muon,electron,0,0.7519161105155945,0.16300001740455627,0.7519161105155945,0.0844147577881813,0.0006691172602586448,0,1,0.9153306484222412,0.7809543609619141,FP,11,11,55.178253173828125,13.096960067749023,2,2.2627182006835938,687.6787109375,0.0,38.29706573486328,16.881187438964844
314924,17020,1,electron,muon,0,0.5596622228622437,0.5596622228622437,0.3352237045764923,0.10027186572551727,0.0048421951942145824,0,0,0.22918210923671722,0.7809543609619141,TN,4,4,12.696877479553223,5.935766220092773,1,0.1358928680419922,61.65336227416992,0.0,0.0,12.696877479553223
559165,30101,1,electron,muon,0,0.7638751268386841,0.7638751268386841,0.1746329665184021,0.05942302569746971,0.0020688760560005903,0,0,0.009115015156567097,0.7809543609619141,TN,5,4,19.111379623413086,7.538685321807861,1,0.38143157958984375,138.45709228515625,19.111379623413086,0.0,0.0
171752,9345,1,photon,muon,0,0.8059167861938477,0.8059167861938477,0.10587780922651291,0.08681938052177429,0.0013859642203897238,0,0,0.37573355436325073,0.7809543609619141,TN,4,4,18.496952056884766,7.562115669250488,1,0.17084503173828125,81.34001922607422,0.0,18.496952056884766,0.0
613807,33165,1,electron,muon,0,0.8605165481567383,0.8605165481567383,0.13659916818141937,0.0027428006287664175,0.00014144652232062072,0,0,0.07157152146100998,0.7809543609619141,TN,10,8,47.36854934692383,10.069132804870605,2,2.3894424438476562,715.2894287109375,0.0,27.929954528808594,19.4385986328125
940372,50704,1,muon,electron,0,0.7018455266952515,0.24056781828403473,0.7018455266952515,0.04559210687875748,0.011994577012956142,0,0,0.6019933819770813,0.7809543609619141,TN,4,4,19.25943374633789,8.660953521728516,1,0.31061553955078125,103.45417022705078,0.0,0.0,19.25943374633789
84333,4627,1,muon,photon,0,0.8040187954902649,0.08383169025182724,0.11207744479179382,0.8040187954902649,7.208772149169818e-05,0,0,0.23209460079669952,0.7809543609619141,TN,12,6,36.379512786865234,8.100659370422363,2,1.7832741737365723,620.94921875,18.314769744873047,18.06474494934082,0.0
127916,6948,1,electron,muon,0,0.7234631180763245,0.7234631180763245,0.2251785546541214,0.03495689108967781,0.016401382163167,0,0,0.3842242658138275,0.7809543609619141,TN,4,4,18.387939453125,8.167012214660645,1,0.24445152282714844,81.14125061035156,0.0,0.0,18.387939453125
482418,26005,1,electron,muon,0,0.7580375075340271,0.7580375075340271,0.16270972788333893,0.004951420705765486,0.07430139183998108,0,0,0.3075375258922577,0.7809543609619141,TN,4,4,26.518653869628906,10.24841022491455,1,0.3432655334472656,103.24230194091797,0.0,0.0,26.518653869628906
193139,10510,1,muon,electron,0,0.5510212779045105,0.43556347489356995,0.5510212779045105,0.013102167285978794,0.0003131210105493665,0,0,0.362316370010376,0.7809543609619141,TN,5,4,18.277706146240234,9.015145301818848,1,0.1646442413330078,62.40591049194336,0.0,0.0,18.277706146240234
332027,17935,1,electron,muon,0,0.7372840046882629,0.7372840046882629,0.2066754698753357,0.04677873104810715,0.009261857718229294,0,0,0.004752758890390396,0.7809543609619141,TN,4,4,16.341407775878906,7.552893161773682,1,0.2790355682373047,73.31841278076172,16.34140968322754,0.0,0.0
983565,53050,1,muon,electron,0,0.7937098145484924,0.03454890847206116,0.7937098145484924,0.1713615208864212,0.0003797696263063699,0,1,0.9615259170532227,0.7809543609619141,FP,19,11,85.1261978149414,17.998790740966797,3,4.948097229003906,1175.58740234375,18.83037757873535,50.063316345214844,16.232507705688477
632660,34181,1,proton,muon,0,0.8679120540618896,0.8679120540618896,0.10503411293029785,0.0068656145595014095,0.020188255235552788,0,0,0.001649350393563509,0.7809543609619141,TN,8,8,70.06483459472656,17.09779167175293,2,2.7982406616210938,530.7113037109375,37.24751281738281,32.81732940673828,0.0
100621,5467,1,photon,muon,0,0.437964528799057,0.437964528799057,0.26551055908203125,0.2965092658996582,1.5643292499589734e-05,1,0,0.20598392188549042,0.7809543609619141,FN,6,5,43.6109619140625,25.974021911621094,2,2.108194351196289,619.5652465820312,5.73779296875,37.873165130615234,0.0
59075,3277,1,muon,photon,0,0.7316922545433044,0.10843497514724731,0.15614786744117737,0.7316922545433044,0.0037248958833515644,0,1,0.9220035076141357,0.7809543609619141,FP,6,4,47.52577209472656,22.23270034790039,1,0.3984241485595703,110.5749282836914,0.0,47.5257682800293,0.0
725818,39184,1,muon,electron,0,0.7817159295082092,0.12317773699760437,0.7817159295082092,0.09508905559778214,1.723119021335151e-05,0,0,0.5846813321113586,0.7809543609619141,TN,6,4,25.37822151184082,12.381630897521973,1,0.7913856506347656,117.58859252929688,0.0,0.0,25.378223419189453
123582,6723,1,muon,electron,0,0.974941611289978,0.011312173679471016,0.974941611289978,0.013745884411036968,3.337382281642931e-07,0,1,0.9185595512390137,0.7809543609619141,FP,7,4,20.624065399169922,8.790623664855957,3,3.7602195739746094,1126.5052490234375,0.5919766426086426,0.05123463273048401,19.980854034423828
842605,45481,1,electron,muon,0,0.9227398633956909,0.9227398633956909,0.059250760823488235,0.013876141980290413,0.004133138339966536,0,0,0.0065893311984837055,0.7809543609619141,TN,7,7,34.49162673950195,11.019432067871094,2,2.4097824096679688,723.8240966796875,0.0,10.038496971130371,24.453128814697266
405854,21889,1,muon,electron,0,0.5388805270195007,0.4071670174598694,0.5388805270195007,0.04697844386100769,0.006974001415073872,0,0,0.5924006104469299,0.7809543609619141,TN,4,4,16.86439323425293,6.713216781616211,1,0.235504150390625,97.6028060913086,0.0,0.0,16.864395141601562
587497,31656,1,photon,muon,0,0.6321395635604858,0.6321395635604858,0.3271261751651764,0.03182479366660118,0.008909428492188454,0,0,0.21766352653503418,0.7809543609619141,TN,5,4,47.58989715576172,28.969810485839844,1,0.5506782531738281,111.98546600341797,0.0,0.0,47.58989715576172
198488,10801,1,proton,muon,0,0.601338267326355,0.601338267326355,0.28115299344062805,0.046874336898326874,0.07063440978527069,0,0,0.024252265691757202,0.7809543609619141,TN,4,4,37.66856384277344,17.947004318237305,1,0.27552223205566406,94.75801086425781,0.0,0.0,37.66856384277344
380545,20500,1,electron,muon,0,0.6493093371391296,0.6493093371391296,0.3049241602420807,0.016008220613002777,0.029758265241980553,1,0,0.12647582590579987,0.7809543609619141,FN,4,4,22.045307159423828,10.406974792480469,1,0.17964553833007812,84.8862533569336,0.0,0.0,22.045307159423828
729952,39404,1,electron,muon,0,0.8112512230873108,0.8112512230873108,0.15486329793930054,0.016153670847415924,0.017731834203004837,0,0,0.15883953869342804,0.7809543609619141,TN,4,4,23.73521614074707,9.964289665222168,1,0.23256683349609375,89.68116760253906,0.0,0.0,23.73521614074707
513543,27689,1,muon,electron,0,0.5803242921829224,0.39197632670402527,0.5803242921829224,0.026822395622730255,0.0008769811829552054,0,0,0.7147630453109741,0.7809543609619141,TN,5,4,23.738872528076172,12.740385055541992,1,0.3460350036621094,101.93035888671875,0.0,0.0,23.73887062072754
947403,51094,1,electron,photon,0,0.5243487358093262,0.01877100020647049,0.45687857270240784,0.5243487358093262,1.6487747416249476e-06,1,0,0.13583369553089142,0.7809543609619141,FN,22,15,129.63888549804688,22.869619369506836,3,5.2647247314453125,1325.7344970703125,53.529842376708984,56.94729232788086,19.161746978759766
397892,21474,1,muon,photon,0,0.4740994870662689,0.3789842426776886,0.07805819809436798,0.4740994870662689,0.06885800510644913,0,0,0.2764563262462616,0.7809543609619141,TN,4,4,24.88106918334961,7.92531681060791,1,0.24835205078125,88.6314468383789,24.88106918334961,0.0,0.0
870849,46959,1,electron,muon,0,0.6972604393959045,0.6972604393959045,0.2734213173389435,0.008462848141789436,0.020855415612459183,0,0,0.2418430894613266,0.7809543609619141,TN,4,4,20.58510971069336,6.190150260925293,1,0.26767730712890625,90.43047332763672,0.0,0.0,20.58510971069336
145344,7920,1,electron,muon,0,0.6822352409362793,0.6822352409362793,0.3043253421783447,0.008716301992535591,0.004723136778920889,0,0,0.4709171950817108,0.7809543609619141,TN,5,4,32.236106872558594,18.00120735168457,2,3.729245185852051,1103.284912109375,0.2890655994415283,0.0,31.94704246520996
752149,40579,1,muon,electron,0,0.5532528162002563,0.40998104214668274,0.5532528162002563,0.009268540889024734,0.027497578412294388,0,0,0.026130124926567078,0.7809543609619141,TN,15,12,53.313018798828125,13.215348243713379,3,5.56610107421875,1210.0716552734375,20.8508243560791,18.49957847595215,13.96261215209961
136358,7426,1,muon,electron,0,0.4761688709259033,0.1635214239358902,0.4761688709259033,0.3601953089237213,0.00011442822869867086,0,0,0.7076489925384521,0.7809543609619141,TN,6,4,17.971729278564453,6.2085490226745605,1,1.304403305053711,427.3424377441406,17.971729278564453,0.0,0.0
365116,19708,1,photon,muon,0,0.7883381247520447,0.7883381247520447,0.05660136789083481,0.15396088361740112,0.0010996018536388874,0,0,0.12910377979278564,0.7809543609619141,TN,4,4,19.26913833618164,6.516414642333984,1,0.2058849334716797,72.85972595214844,0.0,19.26913833618164,0.0
767486,41342,1,electron,muon,0,0.5816006064414978,0.5816006064414978,0.37413573265075684,0.029464950785040855,0.014798784628510475,1,0,0.22483287751674652,0.7809543609619141,FN,4,4,17.855636596679688,6.451359748840332,1,0.238616943359375,79.49891662597656,0.0,0.0,17.855636596679688
999108,53896,1,electron,muon,0,0.7701264023780823,0.7701264023780823,0.17455202341079712,0.048730891197919846,0.006590658333152533,0,0,7.103552343323827e-05,0.7809543609619141,TN,4,4,24.46084213256836,14.157773971557617,1,0.30047607421875,85.65414428710938,24.46084213256836,0.0,0.0
93584,5117,1,proton,muon,0,0.8169897198677063,0.8169897198677063,0.16666215658187866,0.016287092119455338,6.101779217715375e-05,1,0,0.0201578326523304,0.7809543609619141,FN,15,11,61.46895980834961,8.915703773498535,3,4.252991676330566,1141.4302978515625,19.84916877746582,18.82793426513672,22.791854858398438
611228,33007,1,proton,muon,0,0.7023071646690369,0.7023071646690369,0.27149733901023865,0.00214574602432549,0.024049673229455948,0,0,0.12010359764099121,0.7809543609619141,TN,11,8,157.6638641357422,87.08089447021484,2,3.7848968505859375,702.4134521484375,0.0,127.46282196044922,30.2010498046875
217336,11753,1,muon,photon,0,0.6707457304000854,0.02533893473446369,0.30377086997032166,0.6707457304000854,0.0001444802328478545,0,1,0.9306098818778992,0.7809543609619141,FP,6,4,18.775136947631836,5.519982814788818,1,0.9162883758544922,162.62266540527344,18.775136947631836,0.0,0.0
391294,21083,1,muon,electron,0,0.5079686641693115,0.4860103130340576,0.5079686641693115,0.005467431154102087,0.0005535707459785044,0,0,0.6168546676635742,0.7809543609619141,TN,4,4,20.643695831298828,9.907390594482422,1,0.20550155639648438,87.53792572021484,0.0,0.0,20.643695831298828
808680,43585,1,photon,muon,0,0.5952955484390259,0.5952955484390259,0.10635354369878769,0.0017388889100402594,0.296612024307251,0,0,0.13471420109272003,0.7809543609619141,TN,5,4,52.649330139160156,21.5079345703125,1,0.3192138671875,123.7768325805664,0.0,0.0,52.649330139160156
994810,53668,1,electron,muon,0,0.7284475564956665,0.7284475564956665,0.19397082924842834,0.05225189030170441,0.025329768657684326,0,0,0.003669357392936945,0.7809543609619141,TN,4,4,20.921924591064453,7.906285285949707,1,0.297821044921875,94.56180572509766,20.921924591064453,0.0,0.0
986883,53237,1,electron,muon,0,0.6852917671203613,0.6852917671203613,0.21968647837638855,0.05635008215904236,0.03867171332240105,0,0,0.18007196485996246,0.7809543609619141,TN,4,4,28.408313751220703,11.910722732543945,1,0.40976715087890625,90.4154281616211,0.0,28.408313751220703,0.0
747829,40330,1,photon,muon,0,0.45197904109954834,0.45197904109954834,0.16974571347236633,0.3782463073730469,2.8934211513842456e-05,1,0,0.5113326907157898,0.7809543609619141,FN,14,11,69.27243041992188,14.743385314941406,3,1.9517898559570312,1139.09228515625,35.05463790893555,34.122283935546875,0.09550196677446365
505314,27225,1,electron,muon,0,0.7924422025680542,0.7924422025680542,0.18273045122623444,0.006987064611166716,0.017840273678302765,1,0,0.134298637509346,0.7809543609619141,FN,4,4,23.720380783081055,9.041296005249023,1,0.20561981201171875,96.80030822753906,0.0,0.0,23.720380783081055
771417,41544,1,electron,muon,0,0.6569406986236572,0.6569406986236572,0.31261566281318665,0.028348539024591446,0.002095078816637397,0,0,0.48027560114860535,0.7809543609619141,TN,4,4,17.948427200317383,7.657820224761963,1,0.24097442626953125,95.98280334472656,0.0,0.0,17.948427200317383
135556,7373,1,muon,electron,0,0.6926923394203186,0.27062541246414185,0.6926923394203186,0.032269760966300964,0.004412520211189985,0,0,0.5699751377105713,0.7809543609619141,TN,9,7,36.64473342895508,11.108309745788574,2,2.5000076293945312,764.0473022460938,0.0,5.582211494445801,31.06252098083496
901398,48523,1,electron,photon,0,0.6302378177642822,0.043799567967653275,0.3257931172847748,0.6302378177642822,0.0001695357059361413,1,1,0.8918564915657043,0.7809543609619141,TP,11,7,24.819732666015625,9.690544128417969,2,4.050567626953125,662.43994140625,4.800259113311768,20.019472122192383,0.0
158532,8643,1,electron,muon,0,0.8928593397140503,0.8928593397140503,0.09897442162036896,0.006759555544704199,0.001406704424880445,0,0,0.014458109624683857,0.7809543609619141,TN,7,6,45.42671585083008,12.015633583068848,2,2.009519577026367,637.4461059570312,24.584779739379883,20.841936111450195,0.0
223213,12078,1,electron,muon,0,0.628685712814331,0.628685712814331,0.34564122557640076,0.025158483535051346,0.0005145660834386945,0,0,0.01672043837606907,0.7809543609619141,TN,10,8,38.830078125,9.137563705444336,2,2.5363311767578125,573.61962890625,20.950706481933594,17.879375457763672,0.0
853436,46036,1,electron,muon,0,0.6896801590919495,0.6896801590919495,0.2471563220024109,0.01642680913209915,0.046736687421798706,0,0,0.09648621827363968,0.7809543609619141,TN,4,4,28.69911003112793,11.174394607543945,1,0.35099029541015625,123.65363311767578,0.0,0.0,28.69911003112793
269734,14552,1,muon,photon,0,0.46122753620147705,0.35583245754241943,0.18282300233840942,0.46122753620147705,0.00011703253403538838,0,0,0.7288734316825867,0.7809543609619141,TN,12,7,60.16993713378906,17.377836227416992,2,2.3451175689697266,648.9862670898438,20.424047470092773,39.745887756347656,0.0
792122,42653,1,electron,muon,0,0.6469412446022034,0.6469412446022034,0.29159310460090637,0.03319905325770378,0.02826651744544506,0,0,0.3118172287940979,0.7809543609619141,TN,4,4,24.643644332885742,11.697032928466797,1,0.3011627197265625,100.09756469726562,0.0,0.0,24.64364242553711
712110,38492,1,electron,photon,0,0.5559471845626831,0.2417663186788559,0.14700432121753693,0.5559471845626831,0.055282190442085266,0,1,0.8199791312217712,0.7809543609619141,FP,4,4,27.53472137451172,9.697171211242676,1,0.4111518859863281,131.02642822265625,27.53472137451172,0.0,0.0
785030,42243,1,photon,electron,0,0.9298816323280334,0.061689093708992004,0.9298816323280334,0.008182966150343418,0.00024632393615320325,0,1,0.9013133645057678,0.7809543609619141,FP,8,4,21.737987518310547,8.979499816894531,2,2.4745101928710938,710.9783325195312,0.0,0.24915596842765808,21.488832473754883
473534,25508,1,muon,electron,0,0.9387214183807373,0.05876268818974495,0.9387214183807373,0.0023181973956525326,0.00019778193382080644,0,0,0.6476314067840576,0.7809543609619141,TN,10,8,39.6783447265625,7.74767541885376,3,4.197601318359375,1236.443603515625,0.025020984932780266,19.527395248413086,20.125925064086914
704881,38116,1,electron,muon,0,0.5944069027900696,0.5944069027900696,0.29242345690727234,0.04900256171822548,0.06416705250740051,0,0,0.2905525863170624,0.7809543609619141,TN,4,4,33.52247619628906,16.983360290527344,1,0.3224830627441406,98.21123504638672,0.0,0.0,33.52247619628906
717743,38790,1,proton,electron,0,0.8150913715362549,0.14735691249370575,0.8150913715362549,0.03742652013897896,0.00012521358439698815,0,0,0.5797317028045654,0.7809543609619141,TN,10,6,133.89491271972656,78.63269805908203,2,4.7046966552734375,779.3124389648438,0.0,82.2795639038086,51.61534881591797
363219,19614,1,photon,electron,0,0.8503671288490295,0.0072201211005449295,0.8503671288490295,0.14239372313022614,1.9021614207304083e-05,0,1,0.8611408472061157,0.7809543609619141,FP,14,5,24.21217155456543,8.066064834594727,2,4.58256721496582,850.8875732421875,0.0,6.060616493225098,18.15155601501465
720395,38916,1,electron,muon,0,0.8445346355438232,0.8445346355438232,0.12174887210130692,0.001289545209147036,0.03242690861225128,0,0,0.31537991762161255,0.7809543609619141,TN,4,4,27.007774353027344,9.43150806427002,1,0.29875946044921875,97.38455963134766,0.0,0.0,27.007774353027344
102268,5561,1,muon,electron,0,0.6234942674636841,0.35632121562957764,0.6234942674636841,0.018962381407618523,0.00122208206448704,0,0,0.6478820443153381,0.7809543609619141,TN,5,4,18.949371337890625,7.872419834136963,1,0.2967700958251953,220.75010681152344,0.0,0.0,18.949371337890625
971018,52354,1,electron,muon,0,0.6375466585159302,0.6375466585159302,0.25929704308509827,0.03155849874019623,0.0715978741645813,0,0,0.02215982973575592,0.7809543609619141,TN,4,4,28.073116302490234,11.109801292419434,1,0.2972412109375,129.25985717773438,0.0,0.0,28.073116302490234
244595,13230,1,photon,proton,0,0.6145040988922119,0.17387312650680542,0.08481857180595398,0.1268041580915451,0.6145040988922119,1,1,0.8488138318061829,0.7809543609619141,TP,4,4,47.250938415527344,22.330915451049805,1,0.27295684814453125,66.27658081054688,0.0,47.250938415527344,0.0
257392,13899,1,electron,muon,0,0.5882600545883179,0.5882600545883179,0.3501788079738617,0.054214585572481155,0.00734659843146801,1,0,0.029970549046993256,0.7809543609619141,FN,4,4,16.038740158081055,5.966209888458252,1,0.2334918975830078,73.86399841308594,0.0,0.0,16.038740158081055
205367,11132,1,muon,electron,0,0.646681547164917,0.33994364738464355,0.646681547164917,0.00794792640954256,0.00542694516479969,0,0,0.007931467145681381,0.7809543609619141,TN,10,10,40.21345520019531,7.099123954772949,2,1.8494033813476562,583.0989990234375,20.753925323486328,19.45953369140625,0.0
295489,15968,1,photon,muon,0,0.45692676305770874,0.45692676305770874,0.26249903440475464,0.2793670892715454,0.0012070678640156984,0,0,0.7581302523612976,0.7809543609619141,TN,5,5,18.594860076904297,6.992639541625977,2,1.778371810913086,520.219970703125,0.8351496458053589,17.75971031188965,0.0
242946,13140,1,electron,photon,0,0.7633088231086731,0.02473219484090805,0.21195536851882935,0.7633088231086731,3.611394731706241e-06,0,0,0.760791540145874,0.7809543609619141,TN,6,4,12.424322128295898,8.115978240966797,1,1.7960052490234375,456.4466552734375,0.0,12.424323081970215,0.0
429636,23136,1,electron,muon,0,0.7287816405296326,0.7287816405296326,0.2676433026790619,0.0013918486656621099,0.0021832287311553955,1,0,0.40886110067367554,0.7809543609619141,FN,4,4,19.88865852355957,7.992496490478516,1,0.19523239135742188,74.09925079345703,0.0,0.0,19.88865852355957
977677,52730,1,electron,muon,0,0.7006568312644958,0.7006568312644958,0.27349036931991577,0.010514943860471249,0.01533784531056881,0,0,0.49783191084861755,0.7809543609619141,TN,4,4,19.83285903930664,8.929662704467773,1,0.19378662109375,65.5678939819336,0.0,0.0,19.83285903930664
593520,32004,1,proton,muon,0,0.6174473762512207,0.6174473762512207,0.18157736957073212,0.0071189929731190205,0.19385623931884766,0,0,0.030461104586720467,0.7809543609619141,TN,5,4,27.966609954833984,11.592236518859863,2,2.6595115661621094,633.4866943359375,0.0,4.939701080322266,23.02690887451172
351464,18982,1,electron,muon,0,0.7067410349845886,0.7067410349845886,0.2587493062019348,0.026451801881194115,0.008057826198637486,0,0,0.36060982942581177,0.7809543609619141,TN,4,4,18.10478401184082,6.140193462371826,1,0.2684650421142578,63.58766174316406,0.0,0.0,18.10478401184082
923396,49773,1,electron,muon,0,0.5719098448753357,0.5719098448753357,0.42660167813301086,0.0012123738415539265,0.0002761227951850742,0,0,0.04945628345012665,0.7809543609619141,TN,16,11,66.34778594970703,11.154640197753906,3,4.543205261230469,1160.424560546875,20.66693115234375,29.570526123046875,16.110326766967773
935435,50435,1,proton,muon,0,0.6101799607276917,0.6101799607276917,0.3434513807296753,0.03161468729376793,0.014754010364413261,0,0,0.20348505675792694,0.7809543609619141,TN,4,4,22.410871505737305,8.646459579467773,1,0.244140625,73.86558532714844,0.0,0.0,22.410871505737305
439858,23693,1,electron,muon,0,0.7685377597808838,0.7685377597808838,0.2131822556257248,0.0008952174102887511,0.017384778708219528,1,0,0.09962280839681625,0.7809543609619141,FN,4,4,21.309438705444336,9.123114585876465,1,0.21511077880859375,80.13648986816406,0.0,0.0,21.309438705444336
781788,42083,1,electron,photon,0,0.8933224678039551,0.005819718819111586,0.10083640366792679,0.8933224678039551,2.1462770746438764e-05,0,1,0.9866933226585388,0.7809543609619141,FP,9,6,30.742069244384766,17.28203010559082,2,2.3316726684570312,593.0095825195312,0.637444794178009,30.104623794555664,0.0
577945,31115,1,photon,muon,0,0.4343532621860504,0.4343532621860504,0.1351352483034134,0.4264751374721527,0.004036394413560629,0,0,0.21060048043727875,0.7809543609619141,TN,4,4,24.725643157958984,16.518138885498047,1,0.16447830200195312,57.35993194580078,0.0,24.725643157958984,0.0
448433,24109,1,electron,muon,0,0.9439290761947632,0.9439290761947632,0.020459162071347237,0.0355987474322319,1.3022784514760133e-05,0,0,0.00027456117095425725,0.7809543609619141,TN,11,9,77.44915771484375,27.273962020874023,2,2.7392654418945312,649.5950317382812,61.40555953979492,16.043596267700195,0.0
379775,20472,1,electron,photon,0,0.6065307855606079,0.007832255214452744,0.38562339544296265,0.6065307855606079,1.3521196706278715e-05,0,1,0.9941092729568481,0.7809543609619141,FP,18,11,124.17271423339844,23.016523361206055,2,2.9728164672851562,721.9969482421875,66.10511779785156,58.06759262084961,0.0
748862,40396,1,electron,muon,0,0.6608231663703918,0.6608231663703918,0.20577897131443024,0.025794077664613724,0.10760379582643509,0,0,0.3532440960407257,0.7809543609619141,TN,4,4,19.17213249206543,9.266578674316406,1,0.26848602294921875,54.07374954223633,0.0,0.0,19.17213249206543
344811,18621,1,electron,muon,0,0.8581503629684448,0.8581503629684448,0.1340622901916504,0.002290146192535758,0.005497134756296873,1,0,0.018376028165221214,0.7809543609619141,FN,13,9,66.74967956542969,16.401878356933594,3,4.405694961547852,1208.619873046875,1.5299333333969116,34.329402923583984,30.890342712402344
607282,32783,1,muon,electron,0,0.5452194809913635,0.4363274872303009,0.5452194809913635,0.003048572689294815,0.015404550358653069,0,0,0.4389537572860718,0.7809543609619141,TN,8,6,27.26701545715332,9.58460807800293,2,2.3035049438476562,707.0469360351562,0.0,10.74449348449707,16.52252197265625
562929,30323,1,electron,muon,0,0.7368999123573303,0.7368999123573303,0.24560929834842682,0.013728082180023193,0.00376270804554224,0,0,0.1122724786400795,0.7809543609619141,TN,4,4,22.077816009521484,7.069920539855957,1,0.3058509826660156,61.191795349121094,0.0,0.0,22.077816009521484
19704,1081,1,muon,electron,0,0.5134190917015076,0.4511672854423523,0.5134190917015076,0.03450474888086319,0.000908869260456413,0,0,0.038373567163944244,0.7809543609619141,TN,4,4,11.172311782836914,5.485651969909668,1,0.17119193077087402,60.94746398925781,0.0,0.0,11.172311782836914
961333,51835,1,proton,muon,0,0.6521615386009216,0.6521615386009216,0.2144836187362671,0.0164351724088192,0.1169196218252182,0,0,0.41777268052101135,0.7809543609619141,TN,4,4,36.450435638427734,16.38477325439453,1,0.28171539306640625,75.09294128417969,0.0,0.0,36.450435638427734
809786,43640,1,muon,electron,0,0.854737401008606,0.053084973245859146,0.854737401008606,0.09217718988656998,3.662276242266671e-07,0,0,0.11926302313804626,0.7809543609619141,TN,14,8,42.6712760925293,9.983183860778809,2,2.6308975219726562,743.6156616210938,21.34397315979004,21.32730484008789,0.0
31002,1705,1,electron,muon,0,0.67695552110672,0.67695552110672,0.24138623476028442,0.0314842090010643,0.05017400532960892,0,0,0.01794273406267166,0.7809543609619141,TN,4,4,16.75885581970215,7.297456741333008,1,0.2151193618774414,57.89365005493164,0.0,0.0,16.75885581970215
596703,32188,1,photon,electron,0,0.4782111644744873,0.20689286291599274,0.4782111644744873,0.3134724497795105,0.0014235423877835274,0,1,0.8841636776924133,0.7809543609619141,FP,15,9,69.72230529785156,17.949567794799805,3,3.9707984924316406,1195.388671875,2.0313591957092285,41.72479248046875,25.966156005859375
915519,49317,1,photon,muon,0,0.5348818302154541,0.5348818302154541,0.20381255447864532,0.2533269226551056,0.007978677749633789,1,0,0.22825880348682404,0.7809543609619141,FN,6,4,41.15733337402344,17.596752166748047,1,0.7258529663085938,130.46192932128906,41.15733337402344,0.0,0.0
771791,41565,1,electron,muon,0,0.7382936477661133,0.7382936477661133,0.22979864478111267,0.02516925521194935,0.006738516967743635,0,0,0.11344140768051147,0.7809543609619141,TN,7,5,35.07855987548828,12.103888511657715,2,2.277130126953125,684.0455322265625,0.0,9.099428176879883,25.97913360595703
881279,47479,1,muon,electron,0,0.5983127355575562,0.35364875197410583,0.5983127355575562,0.04462316632270813,0.0034153959713876247,0,0,0.0005645016790367663,0.7809543609619141,TN,6,4,19.255069732666016,9.096243858337402,2,1.6218719482421875,482.59027099609375,18.172677993774414,1.0823935270309448,0.0
811197,43724,1,electron,muon,0,0.9660287499427795,0.9660287499427795,0.03357855975627899,0.0003762303967960179,1.6523965314263478e-05,1,0,0.019792670384049416,0.7809543609619141,FN,11,10,42.69198226928711,10.10763931274414,3,3.8396530151367188,1164.669189453125,0.8340878486633301,19.864727020263672,21.993165969848633
15613,869,1,electron,muon,0,0.6028053760528564,0.6028053760528564,0.30930477380752563,0.06169101223349571,0.02619880810379982,0,0,0.03615690767765045,0.7809543609619141,TN,4,4,23.621200561523438,13.377474784851074,1,0.25690627098083496,121.27592468261719,0.0,0.0,23.621200561523438
993029,53571,1,photon,electron,0,0.6027431488037109,0.09253835678100586,0.6027431488037109,0.3029220402240753,0.0017964552389457822,0,1,0.8577058911323547,0.7809543609619141,FP,7,4,46.829833984375,17.780929565429688,1,1.0926055908203125,282.0799560546875,0.0,0.0,46.829837799072266
688623,37258,1,electron,muon,0,0.5987008810043335,0.5987008810043335,0.35056692361831665,0.018766887485980988,0.031965337693691254,0,0,0.1666683554649353,0.7809543609619141,TN,4,4,28.88998794555664,13.579106330871582,1,0.33629608154296875,58.659305572509766,0.0,0.0,28.88998794555664
860550,46408,1,electron,muon,0,0.7647438049316406,0.7647438049316406,0.20885011553764343,0.01726677082479,0.009139308705925941,0,0,0.2293853908777237,0.7809543609619141,TN,4,4,18.088008880615234,7.111001491546631,1,0.2273101806640625,58.058937072753906,0.0,0.0,18.088008880615234
464644,25017,1,photon,electron,0,0.6059134602546692,0.08329445868730545,0.6059134602546692,0.310174822807312,0.0006172982975840569,1,0,0.2366432100534439,0.7809543609619141,FN,6,4,14.318206787109375,7.117827415466309,1,0.48139190673828125,322.346923828125,14.318206787109375,0.0,0.0
626500,33862,1,muon,electron,0,0.40766775608062744,0.3636254668235779,0.40766775608062744,0.06965028494596481,0.15905652940273285,0,0,0.5425480604171753,0.7809543609619141,TN,4,4,18.687118530273438,8.700531959533691,1,0.300537109375,117.72281646728516,0.0,0.0,18.687118530273438
874368,47138,1,photon,muon,0,0.9138454794883728,0.9138454794883728,0.0567142516374588,0.029358109459280968,8.208228246076033e-05,1,0,0.0018107687355950475,0.7809543609619141,FN,15,11,74.64204406738281,11.165628433227539,2,2.8473358154296875,827.7899169921875,35.20606231689453,39.43598556518555,0.0
507337,27336,1,electron,muon,0,0.6034541130065918,0.6034541130065918,0.3753052353858948,0.00683110486716032,0.014409569092094898,1,0,0.40313616394996643,0.7809543609619141,FN,5,5,23.055912017822266,10.050100326538086,1,3.1418113708496094,703.41796875,0.0,0.0,23.055912017822266
29055,1598,1,electron,muon,0,0.9545410871505737,0.9545410871505737,0.04442216828465462,1.2508594409155194e-05,0.0010242307325825095,0,0,6.579684850294143e-05,0.7809543609619141,TN,8,7,36.052330017089844,11.361212730407715,2,2.1546943187713623,704.7053833007812,0.0,12.283217430114746,23.769113540649414
804989,43384,1,proton,muon,0,0.49982911348342896,0.49982911348342896,0.16939666867256165,0.23639434576034546,0.09437987953424454,0,0,0.5355373620986938,0.7809543609619141,TN,4,4,28.635169982910156,13.220002174377441,1,0.23865509033203125,94.67729187011719,28.635169982910156,0.0,0.0
805462,43405,1,proton,photon,0,0.6191994547843933,0.07872225344181061,0.07361581921577454,0.6191994547843933,0.22846251726150513,0,1,0.9110448956489563,0.7809543609619141,FP,4,4,91.93883514404297,40.886512756347656,1,0.484039306640625,51.653804779052734,0.0,91.93883514404297,0.0
727118,39256,1,electron,muon,0,0.7415868639945984,0.7415868639945984,0.2217830866575241,0.020750589668750763,0.01587950438261032,0,0,0.184223011136055,0.7809543609619141,TN,4,4,19.665124893188477,6.646560192108154,1,0.24017715454101562,75.20880126953125,0.0,0.0,19.665122985839844
941262,50757,1,muon,photon,0,0.547674834728241,0.45170122385025024,0.000556705694179982,0.547674834728241,6.727410800522193e-05,0,0,5.118267290527001e-05,0.7809543609619141,TN,6,5,27.482938766479492,9.254571914672852,2,2.4630889892578125,737.2682495117188,0.0,18.79517936706543,8.687760353088379
227023,12280,1,electron,muon,0,0.8065958619117737,0.8065958619117737,0.19024308025836945,0.0004399709578137845,0.0027210682164877653,0,0,0.24622459709644318,0.7809543609619141,TN,4,4,30.239273071289062,16.422321319580078,1,0.21158981323242188,74.56375122070312,0.0,0.0,30.23927116394043
479040,25822,1,muon,electron,0,0.4071108102798462,0.38498368859291077,0.4071108102798462,0.20697572827339172,0.0009297371725551784,0,0,0.7087739706039429,0.7809543609619141,TN,5,5,19.611236572265625,7.756278038024902,1,0.3992195129394531,174.0135955810547,19.611236572265625,0.0,0.0
70670,3921,1,electron,muon,0,0.9519969820976257,0.9519969820976257,0.033133234828710556,0.0024292953312397003,0.012440488673746586,0,0,0.001737421378493309,0.7809543609619141,TN,9,7,40.97861862182617,8.125965118408203,2,3.036559581756592,741.8095092773438,0.0,18.699474334716797,22.279144287109375
415535,22412,1,muon,electron,0,0.6279441714286804,0.36538344621658325,0.6279441714286804,0.006642105523496866,3.0292849260149524e-05,0,0,0.0042331889271736145,0.7809543609619141,TN,10,9,36.7884521484375,7.1556501388549805,2,2.074626922607422,543.8687133789062,19.227663040161133,17.560787200927734,0.0
706695,38217,1,electron,muon,0,0.9164553284645081,0.9164553284645081,0.0829496681690216,7.371625542873517e-05,0.0005212925607338548,0,0,1.0121917512151413e-05,0.7809543609619141,TN,9,8,43.485008239746094,11.528783798217773,2,2.241596221923828,701.7472534179688,0.0,21.01563262939453,22.469379425048828
529985,28575,1,photon,electron,0,0.5764976739883423,0.0004597364168148488,0.5764976739883423,0.42304202914237976,5.187392275729508e-07,1,1,0.9843868613243103,0.7809543609619141,TP,10,5,17.48634910583496,9.743322372436523,2,1.8204574584960938,745.8666381835938,17.415674209594727,0.07067456841468811,0.0
810492,43682,1,electron,photon,0,0.8113676905632019,0.12451169639825821,0.061753273010253906,0.8113676905632019,0.002367336070165038,0,0,0.004037272185087204,0.7809543609619141,TN,6,5,20.258541107177734,9.064785957336426,2,1.483489990234375,459.12127685546875,19.19431495666504,1.064225673675537,0.0
227722,12323,1,photon,electron,0,0.7554439902305603,0.0464135967195034,0.7554439902305603,0.19751523435115814,0.0006271262536756694,0,0,0.5670955777168274,0.7809543609619141,TN,12,5,43.43314743041992,23.99125862121582,3,4.061643600463867,1078.260498046875,0.3043246865272522,2.2584097385406494,40.87041473388672
388174,20917,1,muon,electron,0,0.6885937452316284,0.08185519278049469,0.6885937452316284,0.040188245475292206,0.18936286866664886,0,1,0.8669948577880859,0.7809543609619141,FP,9,5,50.23907470703125,21.511241912841797,3,4.236576080322266,1235.571533203125,0.1301511973142624,1.3845008611679077,48.724422454833984
954916,51494,1,electron,muon,0,0.6543518900871277,0.6543518900871277,0.31805869936943054,0.024316348135471344,0.0032730591483414173,0,0,0.348283588886261,0.7809543609619141,TN,4,4,20.62289047241211,8.7628173828125,1,0.323394775390625,91.72455596923828,0.0,0.0,20.62289047241211
740369,39940,1,muon,photon,0,0.5365785360336304,0.27072861790657043,0.19198806583881378,0.5365785360336304,0.0007047855760902166,0,0,0.14029382169246674,0.7809543609619141,TN,4,4,17.6761417388916,8.374227523803711,1,0.30146026611328125,95.44271850585938,17.6761417388916,0.0,0.0
259205,14002,1,muon,electron,0,0.635598361492157,0.35207319259643555,0.635598361492157,0.011274310760200024,0.0010540991788730025,0,0,0.7095394134521484,0.7809543609619141,TN,5,4,25.066913604736328,8.055089950561523,1,0.8369483947753906,99.93649291992188,0.0,0.0,25.066913604736328
456091,24545,1,electron,muon,0,0.4639448821544647,0.4639448821544647,0.41197970509529114,0.0979950949549675,0.026080232113599777,0,0,0.3302457928657532,0.7809543609619141,TN,7,4,39.63755416870117,24.513465881347656,2,3.0594711303710938,759.168701171875,0.36063146591186523,39.27692413330078,0.0
992344,53533,1,electron,muon,0,0.5308085680007935,0.5308085680007935,0.09945365786552429,0.3272680342197418,0.042469728738069534,0,0,0.6209379434585571,0.7809543609619141,TN,4,4,20.519306182861328,6.130356788635254,1,0.25322723388671875,71.483154296875,20.519306182861328,0.0,0.0
500950,26988,1,electron,muon,0,0.7513948082923889,0.7513948082923889,0.19505754113197327,0.009302915073931217,0.04424469545483589,1,0,0.11935579776763916,0.7809543609619141,FN,4,4,18.018922805786133,7.914772033691406,1,0.17615890502929688,71.8448486328125,0.0,0.0,18.018922805786133
529783,28564,1,electron,muon,0,0.9403248429298401,0.9403248429298401,0.04153810068964958,0.01725383661687374,0.0008831651648506522,0,0,0.00022234277275856584,0.7809543609619141,TN,13,11,76.87312316894531,16.736305236816406,3,3.8149070739746094,1195.7091064453125,33.97339630126953,23.678874969482422,19.220853805541992
111383,6029,1,muon,electron,0,0.5326188206672668,0.42994067072868347,0.5326188206672668,0.0349227674305439,0.0025176999624818563,0,0,0.6907307505607605,0.7809543609619141,TN,4,4,13.321174621582031,7.108417987823486,1,0.1884927749633789,71.96013641357422,0.0,0.0,13.321173667907715
273232,14761,1,electron,muon,0,0.5843242406845093,0.5843242406845093,0.37994879484176636,0.03231842443346977,0.0034085132647305727,1,0,0.4250470697879791,0.7809543609619141,FN,4,4,17.421401977539062,7.365084648132324,1,0.19826316833496094,74.46443939208984,0.0,0.0,17.421401977539062
174898,9521,1,electron,muon,0,0.7056388258934021,0.7056388258934021,0.19664005935192108,0.02476980723440647,0.0729513168334961,0,0,0.1853434294462204,0.7809543609619141,TN,4,4,19.403078079223633,8.948488235473633,1,0.2290363311767578,90.15250396728516,0.0,0.0,19.403078079223633
469926,25313,1,proton,muon,0,0.6272820234298706,0.6272820234298706,0.1901244819164276,0.039856985211372375,0.142736554145813,0,0,0.08408010751008987,0.7809543609619141,TN,9,7,87.49818420410156,39.55136489868164,2,2.8949508666992188,564.0252075195312,58.89253234863281,28.60564422607422,0.0
24507,1340,1,muon,electron,0,0.4853273630142212,0.45593270659446716,0.4853273630142212,0.020181231200695038,0.03855874389410019,0,0,0.18341273069381714,0.7809543609619141,TN,9,7,46.09797668457031,16.064035415649414,2,2.2304797172546387,661.2388305664062,0.0,15.696165084838867,30.401813507080078
397393,21444,1,muon,electron,0,0.6166147589683533,0.3391711711883545,0.6166147589683533,0.035962413996458054,0.008251626044511795,0,0,0.5731564164161682,0.7809543609619141,TN,7,4,37.3394775390625,20.85103988647461,1,0.821807861328125,271.6125793457031,0.0,0.0,37.339473724365234
914336,49243,1,electron,muon,0,0.5695053935050964,0.5695053935050964,0.4289945662021637,0.001498710596933961,1.3677351944352267e-06,0,0,0.003712750505656004,0.7809543609619141,TN,20,13,86.2391586303711,13.22091007232666,3,6.312400817871094,1181.3577880859375,25.901870727539062,32.39429473876953,27.942991256713867
336544,18179,1,muon,electron,0,0.9631749987602234,0.01784306764602661,0.9631749987602234,0.018921146169304848,6.070775634725578e-05,0,1,0.9902458190917969,0.7809543609619141,FP,19,14,70.85240936279297,11.455292701721191,3,4.744083404541016,1263.6417236328125,4.8346757888793945,44.68259811401367,21.33513641357422
713927,38593,1,photon,muon,0,0.599682629108429,0.599682629108429,0.39144861698150635,0.00785592570900917,0.0010127793066203594,0,0,0.254750519990921,0.7809543609619141,TN,15,13,81.7666244506836,22.05106544494629,3,3.8151473999023438,1162.4061279296875,37.87914276123047,21.371662139892578,22.515825271606445
649171,35061,1,muon,photon,0,0.47203367948532104,0.3432307541370392,0.18263967335224152,0.47203367948532104,0.0020959374960511923,0,1,0.8127844929695129,0.7809543609619141,FP,11,8,63.095298767089844,11.780935287475586,2,2.5700416564941406,624.71044921875,22.44064712524414,40.65464782714844,0.0
513855,27707,1,photon,muon,0,0.6088387370109558,0.6088387370109558,0.03200504556298256,0.04813035950064659,0.3110258877277374,1,0,0.08705445379018784,0.7809543609619141,FN,8,8,83.65049743652344,21.192420959472656,2,1.78118896484375,535.1612548828125,26.758602142333984,56.89189910888672,0.0
708876,38324,1,photon,muon,0,0.6261593103408813,0.6261593103408813,0.29988256096839905,0.060411423444747925,0.01354673970490694,0,0,0.10528798401355743,0.7809543609619141,TN,4,4,11.639598846435547,7.508470058441162,1,0.16817092895507812,48.294921875,11.639598846435547,0.0,0.0
132106,7180,1,photon,muon,0,0.9651839733123779,0.9651839733123779,0.011455166153609753,0.022948594763875008,0.00041226265602745116,0,0,0.013920027762651443,0.7809543609619141,TN,6,6,31.286800384521484,11.328221321105957,2,1.571054458618164,482.49591064453125,10.835086822509766,20.45171546936035,0.0
956714,51593,1,muon,photon,0,0.8735339641571045,0.06097394973039627,0.065459243953228,0.8735339641571045,3.282704346929677e-05,0,1,0.9763655662536621,0.7809543609619141,FP,8,7,41.52606964111328,8.959385871887207,1,0.4092254638671875,325.4727478027344,0.0,41.52606964111328,0.0
963072,51929,1,photon,muon,0,0.553170382976532,0.553170382976532,0.1888733059167862,0.24621635675430298,0.0117399413138628,1,0,0.6169224381446838,0.7809543609619141,FN,5,4,20.52821159362793,5.898568630218506,1,0.5308151245117188,185.91712951660156,20.52821159362793,0.0,0.0
289027,15608,1,electron,muon,0,0.6916261911392212,0.6916261911392212,0.2970185875892639,0.005797183606773615,0.005558029282838106,0,0,0.42974796891212463,0.7809543609619141,TN,4,4,19.92522430419922,6.317783355712891,1,0.2577991485595703,63.021080017089844,0.0,0.0,19.92522430419922
801840,43201,1,electron,muon,0,0.6545813679695129,0.6545813679695129,0.30895987153053284,0.013010680675506592,0.023448051884770393,0,0,0.28209006786346436,0.7809543609619141,TN,5,4,19.656442642211914,7.76864767074585,2,2.5042877197265625,600.8947143554688,0.0,0.021613221615552902,19.634830474853516
743247,40089,1,muon,electron,0,0.6401873230934143,0.32406073808670044,0.6401873230934143,0.018494926393032074,0.017257003113627434,0,1,0.7858406901359558,0.7809543609619141,FP,7,4,32.13716125488281,11.010358810424805,2,3.510711669921875,803.3735961914062,0.0,0.3898816704750061,31.74728012084961
435358,23456,1,electron,muon,0,0.7133374810218811,0.7133374810218811,0.27179819345474243,0.0116563206538558,0.003208012552931905,0,0,0.4078456163406372,0.7809543609619141,TN,4,4,19.52616310119629,5.609653949737549,1,0.23069000244140625,70.88671112060547,0.0,0.0,19.52616310119629
860660,46411,1,muon,electron,0,0.3589359521865845,0.3000587821006775,0.3589359521865845,0.09332506358623505,0.247680202126503,0,0,0.020636186003684998,0.7809543609619141,TN,4,4,28.194339752197266,11.239416122436523,1,0.1703033447265625,58.41304397583008,28.194339752197266,0.0,0.0
993369,53587,1,electron,muon,0,0.5495455861091614,0.5495455861091614,0.2531825304031372,0.17951199412345886,0.01775980181992054,0,0,0.09717909246683121,0.7809543609619141,TN,15,12,112.82313537597656,30.790719985961914,3,3.8910446166992188,1151.3602294921875,76.04922485351562,18.077960968017578,18.695953369140625
138002,7504,1,electron,muon,0,0.7647265791893005,0.7647265791893005,0.20662274956703186,0.017126107588410378,0.011524615809321404,0,0,0.036487579345703125,0.7809543609619141,TN,4,4,18.087486267089844,6.369317531585693,1,0.22865009307861328,68.11109924316406,18.087486267089844,0.0,0.0
531279,28634,1,electron,muon,0,0.5231789350509644,0.5231789350509644,0.44940701127052307,0.013625627383589745,0.013788430020213127,0,0,0.4152859151363373,0.7809543609619141,TN,4,4,14.432096481323242,7.761870384216309,1,0.19995498657226562,80.76077270507812,0.0,0.0,14.432096481323242
58078,3228,1,electron,muon,0,0.797102689743042,0.797102689743042,0.18664434552192688,0.0011721824994310737,0.015080847777426243,0,0,0.0901116132736206,0.7809543609619141,TN,5,5,23.26534080505371,9.128678321838379,2,2.0627646446228027,602.0797729492188,0.0,1.1640493869781494,22.10129165649414
842285,45466,1,muon,photon,0,0.7476545572280884,0.12192274630069733,0.13035815954208374,0.7476545572280884,6.448467320296913e-05,0,1,0.9244571328163147,0.7809543609619141,FP,8,5,80.46851348876953,29.9529972076416,2,2460.33837890625,716.5684814453125,0.0,0.0019645874854177237,80.466552734375
890853,47967,1,photon,electron,0,0.6088417172431946,0.16065171360969543,0.6088417172431946,0.23041050136089325,9.609092376194894e-05,0,0,0.5903186202049255,0.7809543609619141,TN,29,15,133.4623260498047,24.712814331054688,3,6.81182861328125,1428.729248046875,15.143255233764648,90.23678588867188,28.082290649414062
123984,6742,1,electron,muon,0,0.8073329925537109,0.8073329925537109,0.1325744241476059,0.051547497510910034,0.008545084856450558,0,0,0.04119618609547615,0.7809543609619141,TN,11,10,109.92730712890625,24.249122619628906,2,2.0837278366088867,662.164794921875,75.45214080810547,34.47516632080078,0.0
609271,32892,1,electron,muon,0,0.9540328979492188,0.9540328979492188,0.04582210257649422,0.00011780878412537277,2.7168109227204695e-05,0,0,7.63353909860598e-06,0.7809543609619141,TN,20,11,165.90335083007812,29.65220832824707,3,5.210563659667969,1302.9385986328125,94.6117935180664,51.297706604003906,19.993860244750977
668074,36177,1,electron,photon,0,0.9557244777679443,0.00141424429602921,0.04286123067140579,0.9557244777679443,1.8549421554325818e-08,0,0,0.7122825384140015,0.7809543609619141,TN,9,4,10.005061149597168,5.552217483520508,2,2.5975570678710938,629.105224609375,1.5984383821487427,8.406621932983398,0.0
